date,SPMO,VOO
2020-01-03,-0.003084079034478937,-0.007305305816182384
2020-01-06,0.0007377453597647854,0.003747058312595808
2020-01-07,-0.005707664753629493,-0.0027578063758286753
2020-01-08,0.005022887788880714,0.005159868235255827
2020-01-09,0.010233294245060476,0.006911451465665852
2020-01-10,-0.0012017573181243302,-0.002865656954347151
2020-01-13,0.007288161729213982,0.0066160254839500166
2020-01-14,-0.002013611770167567,-0.001327755725953561
2020-01-15,0.009337628151776078,0.0022272575366042435
2020-01-16,0.007787054863488185,0.008357914232530073
2020-01-17,0.0062508752330139306,0.0033879791926103575
2020-01-21,0.0014671224374389613,-0.002065410653563693
2020-01-22,0.00299816302075695,0.00026261402469240913
2020-01-23,4.5964709566526096e-05,0.000985426541983525
2020-01-24,-0.004929208258768636,-0.009120741437967594
2020-01-27,-0.009424976097469728,-0.015892284981417037
2020-01-28,0.008056239284987665,0.010833497487508836
2020-01-29,-0.0012631386159949187,-0.000998295217216727
2020-01-30,0.009634964292266845,0.0031316173490840704
2020-01-31,-0.016808205111756847,-0.017934798797898277
2020-02-03,0.010331300144743594,0.007270850956075714
2020-02-04,0.011624312885432087,0.01541140926547735
2020-02-05,-2.2825046758878642e-05,0.01130843120785796
2020-02-06,0.005099751442557254,0.0033999977594743047
2020-02-07,-0.003563031105900394,-0.005083098519554019
2020-02-10,0.009572665821363069,0.0071726528253843735
2020-02-11,-0.0007172564317464714,0.001821027841375722
2020-02-12,0.0033645986877164358,0.0064267241468605185
2020-02-13,0.0023026933888563583,-0.0009673540488733812
2020-02-14,0.006245331502156004,0.0016784862695529146
2020-02-18,0.0009310806988331866,-0.0027393442938862256
2020-02-19,0.001328865039371463,0.004815243944604974
2020-02-20,-0.004091496391374072,-0.003923860744484475
2020-02-21,-0.008661189532094271,-0.010364965308750418
2020-02-24,-0.026455999844459566,-0.03344313465887705
2020-02-25,-0.02666888481892704,-0.03004302795422298
2020-02-26,-0.0038768565494360363,-0.004419701680073551
2020-02-27,-0.04855715685237183,-0.0443249984001014
2020-02-28,-0.01247207179276344,-0.0060353108597628324
2020-03-02,0.055316923233467596,0.044638424073774496
2020-03-03,-0.02465282330141072,-0.027583191017235054
2020-03-04,0.04466264512647111,0.041443671554949546
2020-03-05,-0.025910120623656274,-0.0334985677966082
2020-03-06,-0.010297692605622077,-0.016771411419500337
2020-03-09,-0.05501933400215686,-0.07716238054061164
2020-03-10,0.03589277001573521,0.05132074244874363
2020-03-11,-0.043759142813614704,-0.049581302559761675
2020-03-12,-0.08480869599968033,-0.09671744087229095
2020-03-13,0.06834872491386634,0.0934298003772005
2020-03-16,-0.15353695751548435,-0.11738817264838874
2020-03-17,0.1020948002220674,0.06547100910280945
2020-03-18,-0.026255726435011617,-0.054663430802170065
2020-03-19,-0.0019932165604236163,0.0008630085381273744
2020-03-20,-0.050158545277572464,-0.04356882015524244
2020-03-23,-0.03468750023732814,-0.030701426295103307
2020-03-24,0.09315166368645156,0.09536399072601731
2020-03-25,0.013814320916987644,0.012826728440097579
2020-03-26,0.05990875281753283,0.0601008861489607
2020-03-27,-0.024423846618819245,-0.030719434297521997
2020-03-30,0.039280909356993465,0.0323369187144662
2020-03-31,-0.02630599366827646,-0.01485085926941554
2020-04-01,-0.040871665018449965,-0.045055273029040444
2020-04-02,0.029036230979375466,0.023391850906703704
2020-04-03,-0.01294093588589873,-0.014777379710775529
2020-04-06,0.06965732748189746,0.06802040408307475
2020-04-07,-0.010658176728575053,0.0005337871256119175
2020-04-08,0.03485065977136359,0.033940725117237
2020-04-09,0.018243515791807496,0.014845442094534311
2020-04-13,-0.017200969482694894,-0.009699942499582503
2020-04-14,0.03427615067369971,0.030530483307432243
2020-04-15,-0.022780907404629458,-0.02176917245045462
2020-04-16,0.011218727036088616,0.005054269754005025
2020-04-17,0.024809200448512314,0.027598768348511715
2020-04-20,-0.020484335888507954,-0.01801923550107931
2020-04-21,-0.028643684387750445,-0.03055683836973966
2020-04-22,0.028235512660411688,0.021996397685021707
2020-04-23,-0.010177025403134476,-0.00019489421480967106
2020-04-24,0.008179366132798682,0.01450745455960778
2020-04-27,0.014089714621215776,0.014453842254105176
2020-04-28,-0.009254124433719535,-0.004622988183916155
2020-04-29,0.02040251052632769,0.025772584725475722
2020-04-30,-0.0073184354889367365,-0.008721437931359044
2020-05-01,-0.021291332435004362,-0.027255596392082193
2020-05-04,0.01039223988414073,0.0031560832165693498
2020-05-05,0.0144804221827044,0.009208009107246395
2020-05-06,-0.005106703018149639,-0.006728964787554359
2020-05-07,0.008788591817659341,0.011826766327211802
2020-05-08,0.015239120808524076,0.01671982336243727
2020-05-11,0.00633215231652251,0.00014865009850395516
2020-05-12,-0.019556680291114348,-0.020124978117791126
2020-05-13,-0.012265025289154075,-0.017728920414472604
2020-05-14,0.008654563612544353,0.012058578656969576
2020-05-15,0.006267659569382467,0.004505977432957664
2020-05-18,0.028175742036627316,0.030565571657583446
2020-05-19,-0.007115164961326914,-0.00944355877484171
2020-05-20,0.00968412687770881,0.01631181256680936
2020-05-21,-0.01064652208892125,-0.007182281724414152
2020-05-22,0.006277417808138841,0.0022515258775543945
2020-05-26,0.0029141359279485357,0.012851857474536876
2020-05-27,0.007468812792256196,0.014579622140948434
2020-05-28,0.008867592429726123,-0.001970722525371671
2020-05-29,0.009758290895732102,0.004488381045266943
2020-06-01,0.0014974763021873283,0.0043611798640548205
2020-06-02,0.006775808041797671,0.008221350665255978
2020-06-03,0.0068925681006368755,0.013202409244944091
2020-06-04,-0.01302248956841745,-0.0025434046909357244
2020-06-05,0.021297539617933348,0.025568504968396688
2020-06-08,0.00791143410060502,0.0121250451793955
2020-06-09,-0.00022689569458955727,-0.007100251391292889
2020-06-10,0.009779982278529387,-0.006235787580504026
2020-06-11,-0.053369869101009826,-0.05763616566801566
2020-06-12,0.011750754771097771,0.012051020941546753
2020-06-15,0.005419888223703095,0.009118587911896014
2020-06-16,0.01526189587418103,0.019560700550318
2020-06-17,0.003769303534846502,-0.004587999781070051
2020-06-18,0.0003668518488297856,0.0009078904988564229
2020-06-19,-0.003731399979249761,-0.00589529388876886
2020-06-22,0.008602882972571946,0.006632217337931179
2020-06-23,0.0029496664231185576,0.004531472926258662
2020-06-24,-0.022001753717399875,-0.025575815237885324
2020-06-25,0.00857903360227108,0.010577240108351482
2020-06-26,-0.020178894506666323,-0.023435054178418402
2020-06-29,0.012738766334024598,0.014592931492063421
2020-06-30,0.01723725718143454,0.013336020896397516
2020-07-01,0.005518796813669846,0.006844653876444617
2020-07-02,0.0022547344573222716,0.005046054734186178
2020-07-06,0.013474189863550867,0.015515721163274376
2020-07-07,-0.004506721016423909,-0.010369139729922039
2020-07-08,0.010923333466424046,0.007424308129673873
2020-07-09,-0.0010915114446470309,-0.005096678241817254
2020-07-10,0.0052854597966396355,0.010038107459605206
2020-07-13,-0.014775335092460318,-0.009047418700954712
2020-07-14,0.01605541714687453,0.013383651288655596
2020-07-15,0.0030582425503269395,0.008873004680660435
2020-07-16,-0.004220082865321606,-0.0029088534499964736
2020-07-17,0.00856459905115825,0.002645848923922056
2020-07-20,0.013705854496441683,0.008323437207392814
2020-07-21,-0.004969779580982658,0.0020803404976856843
2020-07-22,0.012213843665703328,0.005692658798003514
2020-07-23,-0.015772876729141294,-0.01195347611231834
2020-07-24,-0.0010286697050110316,-0.006470167040897534
2020-07-27,0.008590617392835176,0.007292677932485114
2020-07-28,-0.005127798732114663,-0.006196347019177706
2020-07-29,0.012907678339489692,0.012096695120771939
2020-07-30,0.002673781354560756,-0.00364919530850516
2020-07-31,0.011096710298337698,0.008366745589442504
2020-08-03,0.01286767085062257,0.0062979728181784544
2020-08-04,0.005228459174146272,0.004205193160228049
2020-08-05,0.0025695730047801124,0.006232458050130285
2020-08-06,0.008521820512959133,0.006717821416324377
2020-08-07,-0.00458622939344,0.0005209029778954211
2020-08-10,-0.0033625415981380913,0.0031886126326414743
2020-08-11,-0.014431633410490141,-0.008075480026722315
2020-08-12,0.021404842478937036,0.013699716159342179
2020-08-13,0.002668400000671367,-0.001709637728666502
2020-08-14,-0.0018981893209063516,0.0
2020-08-17,0.01041830108221764,0.0032307266249465005
2020-08-18,0.0008185095026613798,0.002093643550356683
2020-08-19,-0.0031685291284422323,-0.004242569037017363
2020-08-20,0.00892034730338076,0.0031629833898285664
2020-08-21,0.008251831976786805,0.0035712145468242973
2020-08-24,0.003668887446806268,0.010162514933741429
2020-08-25,0.0036356756262574397,0.003491039170004262
2020-08-26,0.010386561324252641,0.01021493890107883
2020-08-27,-0.0004954560827519217,0.0020037325675630324
2020-08-28,0.008640130146211122,0.006498718670826298
2020-08-31,0.00218078370963104,-0.003508079620408333
2020-09-01,0.008233808672149845,0.009345400279068938
2020-09-02,0.016955190293704625,0.014567048962821794
2020-09-03,-0.04433882883383222,-0.03461695327789871
2020-09-04,-0.01526522575939171,-0.00800369339962026
2020-09-08,-0.028301493339399686,-0.027475813733976562
2020-09-09,0.02973211602410375,0.01972749141464658
2020-09-10,-0.018863170124306272,-0.017488500253182493
2020-09-11,-0.004222087795884288,0.0007502422103682349
2020-09-14,0.018933414342357624,0.012997338685578175
2020-09-15,0.008872925986959768,0.005145450480948721
2020-09-16,-0.010654932163973063,-0.004031248856058767
2020-09-17,-0.008480730063875952,-0.008737369587731303
2020-09-18,-0.012571749641931085,-0.011633732413160347
2020-09-21,-0.0053434349182091,-0.010851995617761068
2020-09-22,0.02434183104999188,0.0101094437275695
2020-09-23,-0.027655774463409832,-0.02316706954770542
2020-09-24,0.0051617593726605016,0.0027544026194479265
2020-09-25,0.021714980947415086,0.016013464191114934
2020-09-28,0.014093766244704486,0.01675021356031503
2020-09-29,0.001840654382670559,-0.0057027674747771595
2020-09-30,0.009228469205736722,0.0076974206578444004
2020-10-01,0.010403754777136953,0.0063382462861105715
2020-10-02,-0.023564008248037505,-0.009302052414481343
2020-10-05,0.023017466621625182,0.017474898682819928
2020-10-06,-0.016532715396529563,-0.013970560142635757
2020-10-07,0.018443409684304912,0.01715839728527535
2020-10-08,0.0014644548332227725,0.008849803801519451
2020-10-09,0.011186107774714182,0.00889866628040048
2020-10-12,0.024351851029604354,0.016134252181627007
2020-10-13,0.0007632733987106288,-0.0063941790329204995
2020-10-14,-0.009665937981080952,-0.006249157575171527
2020-10-15,-0.008759283934239637,-0.0011887023539871588
2020-10-16,-0.001553802774910018,-0.0008458005840205063
2020-10-19,-0.01742863171723419,-0.015110107893743674
2020-10-20,0.005879771632406827,0.003946885977701653
2020-10-21,-0.002578182211876112,-0.0018071760957121263
2020-10-22,-0.0068271772694252775,0.005494882933662071
2020-10-23,0.005920382760341791,0.0034114274397114563
2020-10-26,-0.0137462229355787,-0.018416549401216287
2020-10-27,0.00528693119710244,-0.0033035388123852094
2020-10-28,-0.03270942842910374,-0.03443071317877866
2020-10-29,0.01643413122073878,0.01053114675062261
2020-10-30,-0.030735906041592376,-0.011245501832034765
2020-11-02,0.008695885195964204,0.011639959493780605
2020-11-03,0.018961683012360453,0.01763893910408898
2020-11-04,0.03965837239685932,0.022516720871143203
2020-11-05,0.025019516489439564,0.019581219038528275
2020-11-06,0.0034923716825545625,-0.00012453973048986988
2020-11-09,-0.028184299071563945,0.01246324462289361
2020-11-10,-0.026008190724720714,-0.0012890874411832787
2020-11-11,0.023829433721239024,0.007038509060557141
2020-11-12,-0.005887089936432721,-0.009248289038727875
2020-11-13,0.0072839557486454876,0.013586290248112087
2020-11-16,0.00141106745010533,0.012127018455935445
2020-11-17,-0.0031312869875336213,-0.004985063012246771
2020-11-18,-0.011288210754681782,-0.012132507473174736
2020-11-19,0.004427882878474287,0.004185782485424117
2020-11-20,-0.003083905420484645,-0.006693297442278645
2020-11-23,-0.0035691186407954545,0.0059113288499264005
2020-11-24,0.0031839674908828997,0.01619864311593222
2020-11-25,0.007438834670020267,-0.0016479799344598645
2020-11-27,0.006596579968294325,0.002851299899115034
2020-11-30,0.007824610386430786,-0.004489200098685142
2020-12-01,0.009239197195475723,0.011002983362053742
2020-12-02,-0.0035772543455225847,0.0021110169379687793
2020-12-03,-0.006388711141931069,-0.00029650205217357506
2020-12-04,0.005283633377028751,0.00860789289178876
2020-12-07,0.00421285909369562,-0.0018540224841405717
2020-12-08,0.0016547801389850125,0.0028889254310586754
2020-12-09,-0.015080475887238487,-0.008877925794054886
2020-12-10,0.00204821134217692,-0.0004746917671727413
2020-12-11,-0.0028031211314255566,-0.0012758485631346739
2020-12-14,0.008159250657435058,-0.004576031863250618
2020-12-15,0.008189985610244976,0.013820369404617505
2020-12-16,0.00756640795029484,0.0015310027570727414
2020-12-17,0.0067279234261639065,0.005438824927946007
2020-12-18,-0.0006814300630169079,-0.004005703508215386
2020-12-21,-0.0032306991588376688,-0.0030828654635061126
2020-12-22,0.003489073599258319,-0.001971773703929647
2020-12-23,-0.005358067272213551,0.0007995709562056419
2020-12-24,0.0014516824444072984,0.003996516023071495
2020-12-28,0.008698240125303514,0.008698126715177557
2020-12-29,-0.0010020772664819377,-0.0021046067052375994
2020-12-30,-0.0015901723490524544,0.0013473812686080056
2020-12-31,0.0031470722620512426,0.005382659064841144
2021-01-04,-0.01375914573767334,-0.013559084537693278
2021-01-05,0.008029608007318556,0.006577735677709473
2021-01-06,-0.014847536658690763,0.0060658642513014005
2021-01-07,0.019683480358116512,0.014941797681130353
2021-01-08,0.009273211538608717,0.00562502496676931
2021-01-11,-0.006600357734869555,-0.006535155902523293
2021-01-12,-0.005209765047970549,8.603341336899106e-05
2021-01-13,0.005559496410871612,0.0024989230168563914
2021-01-14,-0.007642155749855495,-0.0033808626766237415
2021-01-15,-0.0034415876735885975,-0.007129643037076638
2021-01-19,0.012249666798568537,0.007904501496270866
2021-01-20,0.022544356085776984,0.013588296017691848
2021-01-21,0.007152289462483807,0.0009351635227328181
2021-01-22,0.0012998217186441785,-0.0035676364924277504
2021-01-25,0.005995591813621637,0.004063709684298367
2021-01-26,-0.000654017046182731,-0.001500044250745236
2021-01-27,-0.029455689951282782,-0.024263025149743545
2021-01-28,0.004159111963112139,0.008395179505616523
2021-01-29,-0.01110088665547071,-0.02002115031365803
2021-02-01,0.014243925856935569,0.0164324256396573
2021-02-02,0.013337358452867543,0.01437349057838544
2021-02-03,-0.006002680082072831,0.0009980098111925795
2021-02-04,0.009418262977362257,0.011193773937702822
2021-02-05,0.00010957601923267113,0.003999751740187962
2021-02-08,0.007317337332580109,0.0073784234210598765
2021-02-09,-0.0003268919006453874,-0.000807665250312839
2021-02-10,0.0007446550831269327,-0.00038990867439692156
2021-02-11,0.004883199416934936,0.0016169908665446542
2021-02-12,0.0061236856956568,0.005094283453284776
2021-02-16,-0.0037704358100131286,-0.0009415548939476492
2021-02-17,-0.0031898903086181596,0.0002217564980140363
2021-02-18,-0.005460113750237139,-0.00426848328322138
2021-02-19,-0.009344218183208408,-0.0018371788850677362
2021-02-22,-0.020497775012427,-0.007864212291877948
2021-02-23,-0.004458543373286661,0.0012650138104757236
2021-02-24,0.002897873494963843,0.011060627372318832
2021-02-25,-0.028671745140582794,-0.02398948084138619
2021-02-26,0.009195473958982792,-0.005490198801536228
2021-03-01,0.026588406424265854,0.024399854278530198
2021-03-02,-0.019765187398909756,-0.007734990233858707
2021-03-03,-0.028438173708986603,-0.01319827864682932
2021-03-04,-0.021223554488897567,-0.01231946687416563
2021-03-05,0.017462903374032557,0.018334590344875057
2021-03-08,-0.021862123169142045,-0.004905127811841825
2021-03-09,0.03179765655272959,0.013990257177908694
2021-03-10,-0.0013829329965260317,0.006181845853902246
2021-03-11,0.019975294574099633,0.01055660782426715
2021-03-12,-0.0054123456178996054,0.0014093921983611146
2021-03-15,0.009037728019569924,0.005795399327728212
2021-03-16,0.006346029348295312,-0.001124525674165544
2021-03-17,-0.0020074223776130884,0.0032684653842396383
2021-03-18,-0.02212475795830182,-0.014702579331911325
2021-03-19,0.008537854545243473,-0.0017784677899161938
2021-03-22,0.016782536190227404,0.007905753152962935
2021-03-23,-0.008489765982745867,-0.007346687258259488
2021-03-24,-0.016971714246947323,-0.005536799447430574
2021-03-25,-0.00089434728704052,0.005623552640042773
2021-03-26,0.015314721759974947,0.016313694568550252
2021-03-29,-0.0019931647884128267,-0.0006044584363037453
2021-03-30,-0.0029767176520915095,-0.0025565425533549124
2021-03-31,0.021380721142256975,0.003968517454818743
2021-04-01,0.013200931056321252,0.01059567920700144
2021-04-05,0.019413521953014712,0.01442302670269191
2021-04-06,-0.002300458454826293,-0.0005621281412770962
2021-04-07,0.0005488750020876676,0.0012590932679195088
2021-04-08,0.011047703770978412,0.004869882724752639
2021-04-09,0.010004154639070562,0.007189469833162043
2021-04-12,0.0033851821735197962,0.00044944199065599655
2021-04-13,0.016494312954664192,0.0027217590893593435
2021-04-14,-0.014734132603505756,-0.0032151460788228947
2021-04-15,0.01805572550402723,0.010734080507906807
2021-04-16,0.0002099837739810706,0.003505263010369797
2021-04-19,-0.01256789463713659,-0.004926709403485274
2021-04-20,-0.007977093479669461,-0.007334736379496887
2021-04-21,0.010560778888833555,0.009394640838249702
2021-04-22,-0.012625429893863505,-0.009176412173653503
2021-04-23,0.014810702157214362,0.01065999682917318
2021-04-26,0.007535407227839297,0.002166818973301954
2021-04-27,-0.0035905266174079964,-0.00031263173497253494
2021-04-28,-0.0075062129991225746,-0.00046896577243671356
2021-04-29,-0.004640355298525689,0.006674435869413298
2021-04-30,-0.005836503877912458,-0.006604304268753358
2021-05-03,-0.005190545014454484,0.002268229321763515
2021-05-04,-0.016193012395824713,-0.0060868213575943075
2021-05-05,0.001280235832216814,0.00018305796786899364
2021-05-06,0.007068546252569252,0.008137966042597311
2021-05-07,0.008397172827794064,0.007137494582595272
2021-05-10,-0.023399266212700942,-0.009793105411184388
2021-05-11,-0.0009024159893774586,-0.00877075243296721
2021-05-12,-0.03115209305230393,-0.021346409819205214
2021-05-13,0.007990705847860102,0.011885447066959376
2021-05-14,0.020196350485639725,0.015351420543899152
2021-05-17,-0.00704914241996224,-0.002402367193014787
2021-05-18,-0.005384603114073627,-0.008637910113595049
2021-05-19,-0.0009367136526431397,-0.002640639710722148
2021-05-20,0.01723216992781862,0.010669015475580634
2021-05-21,-0.003391683166783843,-0.000759489006222247
2021-05-24,0.016406188145065226,0.010092570229442543
2021-05-25,0.00029130289629586414,-0.0021022466075852897
2021-05-26,0.0034200490706846054,0.0018203884013860971
2021-05-27,0.0031548475928198094,0.000441406808638245
2021-05-28,0.0018071828383536825,0.0019461775879798804
2021-06-01,-0.006765238762054815,-0.0007772824126383027
2021-06-02,-0.00014530559505021579,0.0016850101821335173
2021-06-03,-0.00879259618724626,-0.0038034571734090195
2021-06-04,0.014240461828812556,0.009064593939896781
2021-06-07,0.0031441391544457797,-0.0008492786715311729
2021-06-08,-0.000612279176317565,0.00015445317985562923
2021-06-09,-0.0006130910181401106,-0.001571301476865905
2021-06-10,0.009757499495453681,0.004618038545811887
2021-06-11,0.003107732191470536,0.0017460771927171326
2021-06-14,0.008885244098117306,0.002512425624466408
2021-06-15,-0.008136252400436028,-0.0020970561282326328
2021-06-16,-0.000160239989204225,-0.005483681402709273
2021-06-17,0.0132229958095198,-0.00036070065191196043
2021-06-18,-0.005497508721920341,-0.01327415109448904
2021-06-21,0.005728741705228302,0.014001380827787457
2021-06-22,0.010759650134789966,0.00530682135524807
2021-06-23,0.0053574262575979414,-0.0010761112895832925
2021-06-24,0.00852966494839058,0.00572025941511356
2021-06-25,-0.0010636259507571522,0.0036986975078143747
2021-06-28,0.013858900489867931,0.0020839392834248738
2021-06-29,0.0050306066318959175,0.00044004479304216026
2021-06-30,8.422935510643548e-05,0.0009156971233861277
2021-07-01,-0.0009436427997273622,0.005641660648767699
2021-07-02,0.011757006933228675,0.007605781426950342
2021-07-06,0.003217958212205607,-0.0018811364601100111
2021-07-07,0.002775267919167046,0.003442272792258505
2021-07-08,-0.008153957019206848,-0.007962364800691124
2021-07-09,0.009140095447522922,0.010550441154790535
2021-07-12,0.006209093950347633,0.003621864752242354
2021-07-13,-0.003751930276728599,-0.0033848444829497337
2021-07-14,-0.0015525021488316249,0.0013735387285405132
2021-07-15,-0.008288259648978058,-0.0032169473163201623
2021-07-16,-0.010309242973045918,-0.007780502914307985
2021-07-19,-0.006219356777448781,-0.014951556115704312
2021-07-20,0.014925241413884738,0.01412920136967033
2021-07-21,0.0054814600411006165,0.008404917009567914
2021-07-22,0.006930667846560157,0.0021273767876512917
2021-07-23,0.010150877677483239,0.009990519699952127
2021-07-26,-0.0010948793497265186,0.002547168963017876
2021-07-27,-0.0106816278560945,-0.004440059160925824
2021-07-28,0.0033730944893963777,-0.0005450138858824616
2021-07-29,0.00749794460083586,0.004313276713015846
2021-07-30,-0.007818331544759305,-0.0048872071625671865
2021-08-02,0.0029507632280483254,-0.0020340878111961835
2021-08-03,0.009204679883183964,0.008078026906997993
2021-08-04,-0.0008143458892777566,-0.00478316481063934
2021-08-05,0.006291603146084235,0.00624321116624782
2021-08-06,-0.005442352435393372,0.0017234967312116378
2021-08-09,0.0007816958483797265,-0.0009586956521738799
2021-08-10,-0.004410417481186091,0.0012547455922518047
2021-08-11,-0.00024507567346032655,0.002407824681643689
2021-08-12,0.005101158231796354,0.0029169131822055494
2021-08-13,0.003839144126102978,0.001979759328776254
2021-08-16,0.0008100589807649161,0.002390722090123587
2021-08-17,-0.01376292601029605,-0.006594577979214589
2021-08-18,-0.009358002896715512,-0.010753965190643866
2021-08-19,0.006264422524138835,0.0014115242547581008
2021-08-20,0.012203985783252769,0.007912705244601304
2021-08-23,0.012870408515463616,0.008856380907559025
2021-08-24,0.0011244910906726968,0.0015806464255978536
2021-08-25,0.0034820457300215324,0.0018455517224540419
2021-08-26,-0.0069879142108078,-0.005840758492801523
2021-08-27,0.010853381144486196,0.008873340426128307
2021-08-30,0.013030994370180071,0.004590901592916197
2021-08-31,-0.0022801742188082175,-0.0017078111935342477
2021-09-01,-0.0010559131070420058,0.0010599834617324166
2021-09-02,0.00252442180487944,0.0029847583135773625
2021-09-03,0.0050045798873086245,-0.00038400175579600404
2021-09-07,0.00017225254661523692,-0.003696955060669249
2021-09-08,-0.00428997280747867,-0.0009635026886437581
2021-09-09,-0.006321305602711602,-0.004486066103761455
2021-09-10,-0.0053485319223604,-0.007728398700645567
2021-09-13,-0.004136625700638552,0.0023437518745457186
2021-09-14,-0.0013739272415921322,-0.005188339219174942
2021-09-15,0.008654789762745807,0.008349754943166587
2021-09-16,0.00012699049605680024,-0.0017241501371644263
2021-09-17,-0.008198770350761442,-0.009802835693117351
2021-09-20,-0.020642372245581186,-0.016335936944870344
2021-09-21,0.0015018920837261973,-0.0009735995885373772
2021-09-22,0.013237151928515933,0.009648856312045373
2021-09-23,0.018229006789427293,0.012082104586995213
2021-09-24,-0.003586777896127491,0.001663807373386561
2021-09-27,-0.000872161525209969,-0.00283334280047709
2021-09-28,-0.023458673360846505,-0.019985068944809226
2021-09-29,-0.0053145786603664424,0.0015743935543439669
2021-09-30,-0.012941220823429411,-0.012666897333541649
2021-10-01,0.010942236088465673,0.01196750592447704
2021-10-04,-0.013574663622186844,-0.012302267025598335
2021-10-05,0.014608037122224138,0.009715651135401737
2021-10-06,-0.002781302472385505,0.004446785774255835
2021-10-07,0.012239461263578333,0.008604215401592175
2021-10-08,-0.000761927775340232,-0.0018848325071503247
2021-10-11,-0.007266929555746038,-0.007279613326669265
2021-10-12,-0.0018298663263007775,-0.0020020991805612676
2021-10-13,0.004108966110042411,0.0032099487613506117
2021-10-14,0.017998036319604394,0.01679843171541817
2021-10-15,0.008519489036072914,0.007793110589700891
2021-10-18,0.00689161234726976,0.0030492035128684147
2021-10-19,0.0039265680191222785,0.007782396556318849
2021-10-20,0.0017436875046374922,0.0038856547611543224
2021-10-21,0.0029482738009019016,0.0024517374047641205
2021-10-22,-0.00046921705899161115,-0.0010071573709425907
2021-10-25,0.004301913569142668,0.005185078823700673
2021-10-26,0.0001554318760117468,0.0009550965814029144
2021-10-27,-0.0033170188728668393,-0.004342092040822254
2021-10-28,0.009921905183274848,0.009776401471201401
2021-10-29,0.003481082825757431,0.0017798995935798256
2021-11-01,-0.0039624204701819155,0.002107922475106605
2021-11-02,0.008126695988406096,0.0038768742225951947
2021-11-03,0.002318555360897534,0.006027922464882485
2021-11-04,-0.002834086673768055,0.0046810875823362075
2021-11-05,0.0009369908508769509,0.0034011437299470426
2021-11-08,0.004527655378410156,0.0012075499275159274
2021-11-09,-0.0015125026754756465,-0.0035016765979395403
2021-11-10,-0.011124432885876057,-0.008051680532913719
2021-11-11,0.002878103865650905,0.0003280763496400496
2021-11-12,0.0107237482949194,0.0074344688495158184
2021-11-15,-0.0019843930864350545,0.00046548186684369774
2021-11-16,0.0032576276415239303,0.003816254245146977
2021-11-17,-0.0053207511941048,-0.0024108779685836357
2021-11-18,0.0007204252363748331,0.0034623951881378456
2021-11-19,-0.0032320420466971367,-0.0018758698986579558
2021-11-22,0.0016441951932302246,-0.0026446822374220913
2021-11-23,0.0018872937014031699,0.0013026830166347203
2021-11-24,0.0007041320507013005,0.0024624115127751534
2021-11-26,-0.022279727026033647,-0.021759816372040275
2021-11-29,0.013850945726163078,0.012081489374341059
2021-11-30,-0.027909862436990895,-0.01914634133293469
2021-12-01,-0.013688596425488142,-0.011502002357107521
2021-12-02,0.022073637761038656,0.015257174156381836
2021-12-03,-0.008837241870633394,-0.008845512109678655
2021-12-06,0.0077878758078633314,0.011947000810879516
2021-12-07,0.023166414170071592,0.02055383335923855
2021-12-08,0.0010635686667337385,0.0028107381452844304
2021-12-09,-0.006466610378387028,-0.006810424993542674
2021-12-10,0.00647769478153859,0.009539082923890163
2021-12-13,-0.012348629497577757,-0.008871354460189385
2021-12-14,-0.007046648311264447,-0.006806245903451025
2021-12-15,0.011194373440731153,0.015630574849345047
2021-12-16,-0.0026393785789404767,-0.009035395069163621
2021-12-17,-0.016486410912036842,-0.010376809572661627
2021-12-20,-0.018049167528022214,-0.010815523526087167
2021-12-21,0.020109317274523475,0.017747011403404178
2021-12-22,0.008201780225536304,0.010101097330329933
2021-12-23,0.0077422676580019,0.006163169770242893
2021-12-27,0.010083091322412141,0.014261160064390488
2021-12-28,-0.002885140263727659,-0.0007518253505485184
2021-12-29,0.0032647279324873324,0.0012086778484392546
2021-12-30,-0.002791564796768009,-0.002824599813778139
2021-12-31,-0.002134197629726331,-0.0027412697084495674
2022-01-03,-4.642022973644355e-05,0.006138759207579891
2022-01-04,0.015608091746106334,-0.0004097161686057449
2022-01-05,-0.024433832539836553,-0.01915393163471002
2022-01-06,0.0037078085401203165,-0.0013468815160492253
2022-01-07,-0.001621024580896524,-0.0034645579473828736
2022-01-10,-0.003481346928576712,-0.001306477622623703
2022-01-11,0.00842816309634542,0.008761096538967506
2022-01-12,0.005250811732981031,0.002987549966419145
2022-01-13,-0.011466649264301076,-0.013785313263921628
2022-01-14,-0.003048497484884116,0.0003044508706404603
2022-01-18,-0.025465793341893916,-0.017531702901309676
2022-01-19,-0.014030984448313188,-0.01050656331777955
2022-01-20,-0.01380625894162435,-0.011003185852131447
2022-01-21,-0.018418221292179293,-0.019646480254440712
2022-01-24,0.003422461664085885,0.004171843770752082
2022-01-25,-0.011424822179769034,-0.012142292833547619
2022-01-26,-0.005098547075202631,-0.002252964488038134
2022-01-27,-0.0033823422014890303,-0.00506837291712392
2022-01-28,0.016214801162065973,0.02451224139451602
2022-01-31,0.018975263525334407,0.018288657097609073
2022-02-01,0.01236474055574388,0.006526717146048355
2022-02-02,0.02020940007823424,0.00953416124562012
2022-02-03,-0.023334906895019603,-0.023241955538164882
2022-02-04,0.0036428418975833488,0.004700636777144496
2022-02-07,-0.0065562993543152315,-0.0032969035714457418
2022-02-08,0.012425767943809785,0.008099013045535175
2022-02-09,0.018157919638333686,0.014668779855045111
2022-02-10,-0.01486437656720574,-0.017571470419129098
2022-02-11,-0.021069033502004397,-0.01994304237492983
2022-02-14,-0.007996448540627976,-0.0032597221262626874
2022-02-15,0.015337511311223073,0.016054737702414057
2022-02-16,0.005194058431751358,0.0011949078505755217
2022-02-17,-0.029711726587420606,-0.021262087736557023
2022-02-18,-0.008645669217619778,-0.0063952788967858165
2022-02-22,-0.01215489924273283,-0.010944370759380151
2022-02-23,-0.018929915143336307,-0.01800355685410271
2022-02-24,0.017119934516234503,0.01536797740626561
2022-02-25,0.025127385384395184,0.02184033643020933
2022-02-28,-0.004391082443573446,-0.002509867499241203
2022-03-01,-0.02208448765898674,-0.01499918256278765
2022-03-02,0.022220413722202625,0.01836411230838908
2022-03-03,-0.004732713809083355,-0.005017674097639202
2022-03-04,-0.01801994960364972,-0.008088126075102675
2022-03-07,-0.04124929471008898,-0.029521277096574705
2022-03-08,0.0005590965974988649,-0.00754656906602702
2022-03-09,0.036473459964953214,0.02665264052704286
2022-03-10,-0.0027829938439837276,-0.004453981172092947
2022-03-11,-0.01184438843527047,-0.012757191275447166
2022-03-14,-0.009284942858446388,-0.0073025457984498
2022-03-15,0.01694477228057134,0.021938697789479766
2022-03-16,0.029891119391178833,0.022361267762713855
2022-03-17,0.012368016302855223,0.012234296041226056
2022-03-18,0.013242068657271622,0.01105046369594187
2022-03-21,0.00641676426566673,4.881130968370506e-05
2022-03-22,0.007218159615084652,0.011612318389124354
2022-03-23,-0.009495108006911224,-0.012877681987430112
2022-03-24,0.015414023598303794,0.014864103823092778
2022-03-25,0.00787524192864475,0.005072223325993663
2022-03-28,-0.0007766341056011372,0.006897317463137265
2022-03-29,0.006638090137078834,0.012649504075830986
2022-03-30,-0.004599859685223917,-0.006222324654866718
2022-03-31,-0.01205357898990489,-0.015368005979385924
2022-04-01,0.001259331100229799,0.002769815500783146
2022-04-04,0.0008002295067146559,0.008479091322774579
2022-04-05,-0.009302981090209439,-0.012361569259485061
2022-04-06,0.0009883940779724654,-0.01012878708443199
2022-04-07,0.006747863926670705,0.005043147251226454
2022-04-08,0.002811936920744218,-0.0024241163858808035
2022-04-11,-0.019921164147469805,-0.0173255095348801
2022-04-12,-0.0016633717445121432,-0.003659767278022974
2022-04-13,0.008663823982905994,0.011292504613340526
2022-04-14,-0.00887036227058935,-0.012148079752144714
2022-04-18,0.00011680163781990771,0.00017390720186050146
2022-04-19,0.010498337394030832,0.015971311831219914
2022-04-20,0.004617290259818496,-0.0007577403625913526
2022-04-21,-0.017383364385180067,-0.01482708451336634
2022-04-22,-0.032091033409627934,-0.027294133448686475
2022-04-25,0.0025889691710327956,0.0054637032533622065
2022-04-26,-0.016233492819261452,-0.02859303759620979
2022-04-27,-0.004497299834982149,0.0025880548913432833
2022-04-28,0.020566237260911224,0.02505661735074005
2022-04-29,-0.03668621206917366,-0.03672978091793522
2022-05-02,0.003736675938222689,0.006284501810487564
2022-05-03,0.007677326774734317,0.0043298087379948225
2022-05-04,0.029697707377742688,0.03033471881762373
2022-05-05,-0.02798263219720576,-0.035122002477147585
2022-05-06,0.0008477361946539475,-0.006281353830170366
2022-05-09,-0.03478167931854692,-0.03226661484941551
2022-05-10,0.0006033595606642628,0.00256893552530979
2022-05-11,-0.004476566383615044,-0.016110448718911874
2022-05-12,-0.00486364400307826,-0.0007758760315931257
2022-05-13,0.023330849379036067,0.02359669292267319
2022-05-16,0.0008110057035328744,-0.0035760430410980426
2022-05-17,0.015126987628515609,0.020008897270026083
2022-05-18,-0.04062443134445737,-0.03960592997527235
2022-05-19,-0.004364015417015921,-0.006687851867594796
2022-05-20,-0.0019316205144424003,0.0002511004668186434
2022-05-23,0.021325045230120576,0.01896573302839344
2022-05-24,-0.004755227336439738,-0.00720919627349037
2022-05-25,0.009977119760214537,0.008338491270657444
2022-05-26,0.018778196742172515,0.01987929114510223
2022-05-27,0.021243473222230858,0.025076378379921715
2022-05-31,-0.010453020671920332,-0.0055523238286594445
2022-06-01,-0.002992922964353495,-0.008375584147464976
2022-06-02,0.012890535378103696,0.018990715585092355
2022-06-03,-0.008455521547996225,-0.016186539793086485
2022-06-06,0.0027079241117455854,0.002728856217788289
2022-06-07,0.011415428801498928,0.00977605580374652
2022-06-08,-0.007975157976505276,-0.010937536984529483
2022-06-09,-0.02132128620497764,-0.02351892272001055
2022-06-10,-0.025714304771231045,-0.029342012010629692
2022-06-13,-0.03537393793605337,-0.038546269559811885
2022-06-14,-0.0076000687418861235,-0.002496433296934497
2022-06-15,0.008845399669345166,0.01431893661060446
2022-06-16,-0.029454180142123976,-0.032853299772940825
2022-06-17,-0.01134130284796997,0.0026108035632437243
2022-06-21,0.03339996719278693,0.024500596027601906
2022-06-22,-0.002499316443025479,-0.0021083388763772914
2022-06-23,-0.0015423095171840373,0.010506534559993508
2022-06-24,0.028185494853638193,0.03113430701524411
2022-06-27,0.0022531459294818923,-0.0037498940625205757
2022-06-28,-0.011427718469237957,-0.02160869696104839
2022-06-29,-0.005627970007090588,0.0004921190724875846
2022-06-30,-0.010729321397202618,-0.007893859479807253
2022-07-01,0.009054041752149189,0.010263035311543822
2022-07-05,-0.006300019730256512,0.0017691472875931424
2022-07-06,0.001536888236449041,0.003617495621274891
2022-07-07,0.01688082518730294,0.014673892870775695
2022-07-08,0.0007547918307813095,-0.0005875538835685701
2022-07-11,-0.0101602248137862,-0.011307188006673408
2022-07-12,-0.00954107488430822,-0.009228765520980953
2022-07-13,-0.00807515813668791,-0.00465699543895659
2022-07-14,-0.006009017594864718,-0.0026410160959975393
2022-07-15,0.020865757901667337,0.018909680309448618
2022-07-18,-0.006360983766783512,-0.008276656070046462
2022-07-19,0.029048162584182302,0.027144802416738445
2022-07-20,0.00044828339278080165,0.006405920966091605
2022-07-21,0.003380253342067041,0.010112218191084432
2022-07-22,-0.010682633176519407,-0.00911094494596898
2022-07-25,0.009969874905953136,0.0009909867144843876
2022-07-26,-0.00812071020880667,-0.011990808257719698
2022-07-27,0.025294317213269357,0.026193474659474303
2022-07-28,0.011556939820336787,0.012640520419884949
2022-07-29,0.01419489878335023,0.014652220594466803
2022-08-01,-0.006837380152426853,-0.003009552156918227
2022-08-02,-0.005212889227577122,-0.0064609466415911365
2022-08-03,0.007769718750528343,0.01561784894071172
2022-08-04,-0.009359404949298322,-0.0007873736850766422
2022-08-05,0.00470593377190931,-0.0020746328474827713
2022-08-08,-0.0018016353072409785,-0.0008947523442103256
2022-08-09,0.0015159896831025144,-0.003951016983708255
2022-08-10,0.017047024754830664,0.02094458478832828
2022-08-11,0.005846898969606329,0.0
2022-08-12,0.015871032831590526,0.017121658094950254
2022-08-15,0.0012830383412729685,0.0042781972051140205
2022-08-16,0.002337983730142268,0.001750007226190231
2022-08-17,-0.00590886036184235,-0.006834946161454858
2022-08-18,0.006291609441055002,0.00308388081751243
2022-08-19,-0.00949931413367966,-0.013797302126029032
2022-08-22,-0.017087955174964975,-0.021076015340626975
2022-08-23,0.0017739363137572184,-0.002368636700423643
2022-08-24,0.003187742575450514,0.0030339760335147403
2022-08-25,0.012603323063807403,0.014571675944449192
2022-08-26,-0.028536887992834825,-0.0342726966718131
2022-08-29,-0.0024405110193900237,-0.006603927162629253
2022-08-30,-0.012430037081982648,-0.010863367848221728
2022-08-31,-0.009836056262046644,-0.007868386433826258
2022-09-01,-0.0016555907832037642,0.00308403762447651
2022-09-02,-0.007370612786611996,-0.010486322996760888
2022-09-06,-0.0038980596978149817,-0.003357167505592784
2022-09-07,0.013231388289204338,0.01792685422808682
2022-09-08,0.007669641637294111,0.006535831706572015
2022-09-09,0.014620142712604922,0.015431894875408636
2022-09-12,0.007771583608767285,0.010996436324880454
2022-09-13,-0.037308132007790706,-0.043614140571142324
2022-09-14,0.002633103535700787,0.003735787962290349
2022-09-15,-0.0060106067878828995,-0.011165028233046548
2022-09-16,-0.006232988691819985,-0.007862533501022284
2022-09-19,0.0012607938255533302,0.007671679067457138
2022-09-20,-0.00629633015843023,-0.01126619529080386
2022-09-21,-0.012275533409662365,-0.017599869143516633
2022-09-22,-0.0011491867226585128,-0.008440840507431213
2022-09-23,-0.02777989380516399,-0.016619898532799215
2022-09-26,-0.013626161049596797,-0.009686808560482318
2022-09-27,0.0027790690222144754,-0.0028244934464936033
2022-09-28,0.02701381258928648,0.019642410654412856
2022-09-29,-0.011084192456047304,-0.020852971377987584
2022-09-30,-0.012464887777519085,-0.015237933228856693
2022-10-03,0.03051184067125412,0.02643930799425953
2022-10-04,0.024053557575221873,0.030358078325990467
2022-10-05,0.0048784756273252405,-0.0017284318474054539
2022-10-06,-0.0026056538588279388,-0.010530552171093333
2022-10-07,-0.01604933103805517,-0.028078989006411148
2022-10-10,-0.006131205891694691,-0.007470036090080234
2022-10-11,-0.00067264037565129,-0.006589398735099783
2022-10-12,-0.002403860311454009,-0.003103503661658902
2022-10-13,0.03036148701982433,0.02618740515747109
2022-10-14,-0.02172126810856001,-0.02251495178338514
2022-10-17,0.013903408873086276,0.025406907580644678
2022-10-18,0.01120424264680775,0.011780341084786095
2022-10-19,0.0009885923491039783,-0.0069213590782081225
2022-10-20,-0.0024784899829426443,-0.008210239243299111
2022-10-21,0.024472446931139924,0.024030000428872933
2022-10-24,0.014587744774228417,0.01218388219277533
2022-10-25,0.0008808256228327593,0.016260053723299528
2022-10-26,0.009714622821746621,-0.007462794403722106
2022-10-27,0.0010670919001245505,-0.005354414400011609
2022-10-28,0.01705435229984653,0.02333700212615697
2022-10-31,-0.0019213643965952931,-0.006799386522328477
2022-11-01,0.0003500557764353207,-0.004028997040318005
2022-11-02,-0.014153266880105764,-0.02551474459883074
2022-11-03,0.006033494001585371,-0.010653189573693211
2022-11-04,0.008978704858464637,0.014641030313800707
2022-11-07,0.004020827224445744,0.00960022683484052
2022-11-08,0.006268563189884446,0.005441992959110742
2022-11-09,-0.02524648294697207,-0.02042514157770625
2022-11-10,0.021107284442016594,0.05473011203743283
2022-11-11,-0.0033031796890337084,0.009567463091008088
2022-11-14,-0.0013955131148747357,-0.008029307953008935
2022-11-15,0.004366838317630739,0.00825955078049101
2022-11-16,-0.005217270163772159,-0.007591253896515604
2022-11-17,0.004545394809075454,-0.002888863157423538
2022-11-18,0.005220970990129414,0.0044149577697569775
2022-11-21,-0.002423812318880336,-0.003516723914120057
2022-11-22,0.017250887263136283,0.013316510201793363
2022-11-23,-0.0021153734189832685,0.006257958246981055
2022-11-25,0.0027182649671175785,-0.00010813756001681885
2022-11-28,-0.012088762551304866,-0.015819436646705376
2022-11-29,0.0022436366739178037,-0.0017583785110705241
2022-11-30,0.01515406909744832,0.030772468130657815
2022-12-01,-0.005597868373177217,0.00013366524436664307
2022-12-02,0.001364803260709424,-0.001441880986020716
2022-12-05,-0.014650876176262595,-0.017807387128391028
2022-12-06,-0.008644587869933495,-0.014455495941573804
2022-12-07,-0.0020927313758353216,-0.0019336761941771696
2022-12-08,0.0015728748186829566,0.007887778791989764
2022-12-09,-0.013261272935626955,-0.00730423556678339
2022-12-12,0.016445629050955368,0.014273099233708564
2022-12-13,0.0010438171392905815,0.0073907735622553705
2022-12-14,-0.0012165053207850995,-0.006037058041049703
2022-12-15,-0.014268075210265185,-0.0245941006276168
2022-12-16,-0.010062073617743583,-0.011923111242693407
2022-12-19,-0.0023303921275895645,-0.008619211729614218
2022-12-20,0.002875044030620888,0.0015237441345199443
2022-12-21,0.01433436367036256,0.014957134349947498
2022-12-22,-0.007949151260784881,-0.014060283317093414
2022-12-23,0.011591926050954937,0.005601373876001237
2022-12-27,0.005086980252480666,-0.003978877043178897
2022-12-28,-0.014360751358113766,-0.012269062671548037
2022-12-29,0.0071073280340825384,0.017737023805045382
2022-12-30,0.001764257703769534,-0.0027534091351827383
2023-01-03,-0.01602670020496011,-0.00384235734524363
2023-01-04,-0.0016109725420914156,0.007200303293841026
2023-01-05,-0.001075549154192168,-0.010922067492226795
2023-01-06,0.016385403386064867,0.022744525188409748
2023-01-09,-0.010117781623987798,-0.0007291264668330966
2023-01-10,0.00017839814415121502,0.007128043210580026
2023-01-11,0.007133876837912112,0.012762457538716632
2023-01-12,0.0028335762426556776,0.003741709946391669
2023-01-13,0.0005295978556212333,0.0038925610353781614
2023-01-17,-0.0024708466902049198,-0.0015288136688994536
2023-01-18,-0.019055104464056005,-0.0162443778261806
2023-01-19,0.003192529842647618,-0.007199870496967908
2023-01-20,0.007551069456851245,0.018396112822468114
2023-01-23,0.00017839121199858532,0.01218003812667301
2023-01-24,0.0016415840092862677,-0.0010592895337796504
2023-01-25,0.001211025276717459,0.00035349994088029746
2023-01-26,0.01263120081849789,0.010682745244701142
2023-01-27,-0.01089238853353336,0.002851075514905599
2023-01-30,-0.009680408240531513,-0.012497878348583735
2023-01-31,0.013720838057157625,0.014203843374511527
2023-02-01,-0.008757857237449818,0.010952347904762627
2023-02-02,-0.016689020376499886,0.014329917876484188
2023-02-03,-0.0032674197817923467,-0.010680557264920454
2023-02-06,-0.00018199029514776033,-0.005780472771797718
2023-02-07,0.012386167805273907,0.012902699685952701
2023-02-08,-0.0055776754043747045,-0.010955969312987368
2023-02-09,-0.0017008258618295136,-0.00855998411988168
2023-02-10,0.019102683583351876,0.0024322611964067153
2023-02-13,0.0033788240425931537,0.011546175273450698
2023-02-14,-0.003899295658606583,-0.0003691744947910136
2023-02-15,-0.006227887770890228,0.003349194489784546
2023-02-16,-0.008773316063001912,-0.013903545717827481
2023-02-17,-0.00487715464415539,-0.002585244195352887
2023-02-21,-0.006571176144015256,-0.019854734799095386
2023-02-22,-0.004531347191364943,-0.0012540528167687137
2023-02-23,0.004772216505367188,0.00502294646918533
2023-02-24,-0.004603564038387797,-0.010701617700544008
2023-02-27,0.0007707728398993474,0.0034590917619907735
2023-02-28,-0.010819726483362158,-0.0037756277881793032
2023-03-01,0.0031518185848016245,-0.0036528530373628465
2023-03-02,0.007022628608059689,0.007470077312275114
2023-03-03,0.0077078808555002265,0.015841896538396627
2023-03-06,0.005827579973603392,0.0012119997280239936
2023-03-07,-0.014846841648229803,-0.015468116918647246
2023-03-08,-0.005697615017122182,0.0015573968130628835
2023-03-09,-0.012199607579082339,-0.018305742287187288
2023-03-10,-0.009356260800319482,-0.014339853423565363
2023-03-13,-0.0024555567395766476,-0.00169172316794719
2023-03-14,0.00871044301782442,0.016606583861012103
2023-03-15,-0.015956557999778687,-0.00616737401900358
2023-03-16,0.006676829843514698,0.01710729613350037
2023-03-17,-0.014401914517673475,-0.010938389515776303
2023-03-20,0.018251416788020558,0.009030762471076148
2023-03-21,0.013495570213650554,0.013080962859102208
2023-03-22,-0.01706676101028748,-0.01658149021108568
2023-03-23,-0.0036252594787008485,0.002377012361578723
2023-03-24,0.007468357354984079,0.006664856173429046
2023-03-27,0.011442796141232892,0.0016502961970090713
2023-03-28,0.005788058961834874,-0.0017573923531557512
2023-03-29,0.008034327301138289,0.01422203584575743
2023-03-30,0.0027803579164478176,0.005967178487285674
2023-03-31,0.007948192551491484,0.013966146149023695
2023-04-03,0.02310658117861286,0.003962188980196846
2023-04-04,-0.012009223493901988,-0.005641572530742267
2023-04-05,0.01269956593162136,-0.0024237016908366105
2023-04-06,-0.003224685196813737,0.003818292238634946
2023-04-10,0.00395408735353886,0.001090326572472211
2023-04-11,0.0035802691143271836,0.00013284042114736216
2023-04-12,0.0026042745603196416,-0.003984937270655298
2023-04-13,0.008789119447699223,0.012963063695534238
2023-04-14,-0.004585487383307663,-0.002053837251479451
2023-04-17,-0.002303270654077205,0.0034039026203871448
2023-04-18,0.0021310364797795245,0.0006835824412323444
2023-04-19,-0.004253079284699313,-5.275346280431137e-05
2023-04-20,-0.000533861940350655,-0.005649858973343358
2023-04-21,0.0003561213936584817,0.0005812580084039176
2023-04-24,0.006763967664580095,0.001320747904221653
2023-04-25,-0.007956238015788375,-0.01580091989140986
2023-04-26,-0.016396323490631692,-0.0044491956431618185
2023-04-27,0.009965641146768567,0.019841614691831655
2023-04-28,0.0066378527668049525,0.008553041322497679
2023-05-01,0.0010692462682317938,-0.0006804990036890501
2023-05-02,-0.017624978721525575,-0.01121038207674252
2023-05-03,-0.005436763649919074,-0.006966762086809353
2023-05-04,-0.008928508769103116,-0.007308888093100707
2023-05-05,0.016547120386881442,0.018353194225741998
2023-05-08,0.0018086964136547756,0.0005541041036327687
2023-05-09,-0.0014443589400475743,-0.004324996794026537
2023-05-10,-0.0010847117530927708,0.004370369970246868
2023-05-11,-0.005429803807926015,-0.0013977337939392598
2023-05-12,0.0016377985012927532,-0.001346758959430927
2023-05-15,0.0007268074936215285,0.003463960752788653
2023-05-16,-0.013798171322222053,-0.006614379976299212
2023-05-17,0.008100057025535845,0.011937853607379534
2023-05-18,0.0009131010297522835,0.009778377602623456
2023-05-19,0.004013893319491979,-0.0015835594398987407
2023-05-22,-0.005451582745100714,0.0005459524778570479
2023-05-23,-0.004385186687282938,-0.011175111725031162
2023-05-24,-0.003853911545319333,-0.007490498063684514
2023-05-25,-0.009211611113158491,0.008712076368778687
2023-05-26,-0.002045311068290423,0.012994940384471798
2023-05-30,-0.006334940433414649,0.0003109925973687755
2023-05-31,-0.0058128356814963755,-0.005440513336534725
2023-06-01,0.009807733089597148,0.00958615729967005
2023-06-02,0.018117202115242037,0.014681041999216493
2023-06-05,0.0014674600785107295,-0.001932499455091885
2023-06-06,-0.0012821640683347013,0.002063537938962634
2023-06-07,0.004768767127079521,-0.0032797276664253694
2023-06-08,0.005476678113748301,0.0059946599975160275
2023-06-09,0.0003631041386809031,0.001673593040154131
2023-06-12,-0.002177834051527383,0.009189100109791903
2023-06-13,0.006365915553726342,0.006597156085961897
2023-06-14,-0.010880271976257183,0.0007723804930370726
2023-06-15,0.013557888030571341,0.012823665240289772
2023-06-16,-0.002343618763034905,-0.0036876959526689346
2023-06-20,-0.00762792497176068,-0.004614474444023742
2023-06-21,0.005673677254754317,-0.005478579004136286
2023-06-22,0.00036368707968037484,0.003639383982294131
2023-06-23,-0.004729840897268467,-0.007500799131848757
2023-06-26,0.0029246906801196904,-0.00412907938163487
2023-06-27,0.0032803791737219257,0.011081887237341492
2023-06-28,-0.0012716226638204153,0.00044696347554484817
2023-06-29,0.008912478871462515,0.003830896581465515
2023-06-30,0.0084730475797139,0.011850518906719731
2023-07-03,0.00035753034394625516,0.0019151710538045652
2023-07-05,-0.004288760866802188,-0.0022300303967066615
2023-07-06,-0.010588753263635176,-0.008154334029979116
2023-07-07,-0.0034464068555920546,-0.002327506850555383
2023-07-10,0.007098634732857212,0.002680517807501115
2023-07-11,0.006506426535201504,0.006411173062859099
2023-07-12,-0.0005386679623157198,0.007871143766454258
2023-07-13,-0.004132247661165489,0.00815103895556657
2023-07-14,-0.002976711559767753,-0.0007989171361271197
2023-07-17,0.0018999779819339757,0.003488656694542902
2023-07-18,0.005237452211055649,0.0075807917923618184
2023-07-19,0.0034135195352706926,0.0021564347999218914
2023-07-20,0.014324121349037267,-0.006527401174725833
2023-07-21,0.004042502041509133,0.0001204611377627618
2023-07-24,0.0022327515832709643,0.004235108152976563
2023-07-25,0.0003858947710366767,0.0029474340044473024
2023-07-26,-0.002770637509230567,0.00023894491148190866
2023-07-27,-0.00564453988604896,-0.006783550112730685
2023-07-28,0.002829509290582788,0.009739700143823082
2023-07-31,0.0037913153463393634,0.0019291809175583374
2023-08-01,-0.0007026313540775542,-0.003090177314928111
2023-08-02,-0.0027073317714587652,-0.013853882263456962
2023-08-03,-0.00017624130708882024,-0.002829103224239793
2023-08-04,-0.004055160775295108,-0.004898075980710015
2023-08-07,0.009205284701410799,0.009016027014359551
2023-08-08,0.01385721906655668,-0.004322630276026529
2023-08-09,0.003806208102385078,-0.006646009626625093
2023-08-10,-6.894260376599792e-05,0.0005860529927685931
2023-08-11,0.008963156432926667,-0.0009272059306479896
2023-08-14,0.0043391634837739446,0.005642126076093046
2023-08-15,-0.010886140640766984,-0.011464088035759268
2023-08-16,-0.0030955482565216963,-0.007395501652118552
2023-08-17,-0.0031396277382370608,-0.00809437513758926
2023-08-18,0.004603123222151062,0.0009233214669983614
2023-08-21,0.00032733607837642786,0.006607089540339173
2023-08-22,-0.004838679487039643,-0.002798850743237824
2023-08-23,0.002560871960326283,0.010779669456370655
2023-08-24,-0.006903778735713684,-0.013293914722741884
2023-08-25,0.0061522164940888135,0.006624267078357837
2023-08-28,0.0041800715186590676,0.006580989032182183
2023-08-29,0.004885023281728573,0.014206399350814136
2023-08-30,0.0010612602009754113,0.0041682614619114045
2023-08-31,-0.003607909399632958,-0.001278991795670148
2023-09-01,0.009404385349101707,0.002126457371106616
2023-09-05,-0.003723316420670364,-0.0043645866833534885
2023-09-06,-0.0029009600005017733,-0.0069024734382032715
2023-09-07,0.004911837669985264,-0.0029752252144163993
2023-09-08,0.007680855815990206,0.0013698911967119365
2023-09-11,-0.000811193371515917,0.00657066899876968
2023-09-12,0.009302996504175542,-0.005362944408756731
2023-09-13,-0.004876605223804287,0.0011711133429095355
2023-09-14,0.00961603298618896,0.008651058330463757
2023-09-15,-0.013010809207735896,-0.012466717652119153
2023-09-18,0.0016640300745300873,0.0011010462929434972
2023-09-19,-0.0013052094906094158,-0.0020041219584654435
2023-09-20,-0.009386748629403585,-0.009354199445006373
2023-09-21,-0.019534017434168383,-0.016388533236317948
2023-09-22,0.004194475502164119,-0.0024125664032061955
2023-09-25,0.0027845014508369736,0.004156521698803983
2023-09-26,-0.010760184561426134,-0.014675925133344925
2023-09-27,0.0035087846268109235,0.00022910412770471567
2023-09-28,0.010314827967475182,0.005833505223064472
2023-09-29,-0.008790603889267334,-0.0023878406882045233
2023-10-02,-3.485328296526369e-05,-7.641150324055879e-05
2023-10-03,-0.014490298831457138,-0.013446472872608473
2023-10-04,0.008148813203560756,0.007356880618626382
2023-10-05,-0.00035142652224651183,-0.0008455010673489305
2023-10-06,0.01810506784150112,0.011925855049715217
2023-10-09,0.004143715363911449,0.006665667074383874
2023-10-10,0.009972599190508857,0.005161126792944559
2023-10-11,0.007831061403715589,0.004232946288063921
2023-10-12,-0.004560836862090634,-0.006010941588786678
2023-10-13,-0.011590046006208832,-0.005269422157486159
2023-10-16,0.01287616247262946,0.010468727379898901
2023-10-17,-0.003474714468183371,2.4943769953988948e-05
2023-10-18,-0.01619259456177613,-0.013380656904634303
2023-10-19,-0.00864466794171126,-0.008476319420626433
2023-10-20,-0.013602990033899087,-0.012453054441718514
2023-10-23,0.0068952571961691245,-0.0017570865617398956
2023-10-24,0.007550465936662976,0.007481069170833132
2023-10-25,-0.01742760321062964,-0.014105966371500966
2023-10-26,-0.012238429700524023,-0.012274875330400392
2023-10-27,-0.004938024169777178,-0.004432721076874535
2023-10-30,0.012541654639931954,0.012032244534883274
2023-10-31,0.0005347596550127065,0.0060493006075796885
2023-11-01,0.015140721901545584,0.011010694475903415
2023-11-02,0.018248730709686134,0.019001022664199008
2023-11-03,0.010684228414858055,0.009247501178996309
2023-11-06,0.007672545514349816,0.0019277665028543112
2023-11-07,0.001015278231869754,0.002823473010064692
2023-11-08,0.006423222909095916,0.0008223531306301712
2023-11-09,-0.0065502127747189,-0.007543562364434653
2023-11-10,0.02084528463468205,0.015602991690471413
2023-11-13,0.004587430619277022,-0.001012482810284876
2023-11-14,0.016320504856855544,0.019211092247453765
2023-11-15,-0.0045418221918401835,0.0021833349351922937
2023-11-16,-0.000651837361410057,0.001404090084950349
2023-11-17,0.005869855127789814,0.0014743484014441144
2023-11-20,0.01053673486317841,0.007530773784029998
2023-11-21,-0.004010358511317924,-0.0026114794808430597
2023-11-22,0.0,0.004323610513246701
2023-11-24,-0.0010308206989999569,0.0005498267338750473
2023-11-27,-0.0036114071223739552,-0.0017447084545691993
2023-11-28,-0.0024593404370730765,0.000981575899854814
2023-11-29,-0.0020276217379483485,-0.0006456996681949434
2023-11-30,0.0020317413408570406,0.0038775337211396366
2023-12-01,0.0038928822333685886,0.005865419462420585
2023-12-04,-0.006301497331899553,-0.005025254440701121
2023-12-05,-0.0033333597001773407,-0.00030968530820052464
2023-12-06,-0.003997016126794706,-0.00417063061318379
2023-12-07,0.0072072205308761905,0.00782569728983984
2023-12-08,0.010196767034347687,0.00425048129599781
2023-12-11,0.00841947129842735,0.0038778085458475164
2023-12-12,0.0090837863090667,0.004969835494430974
2023-12-13,0.012514122502356617,0.013617153660725911
2023-12-14,0.0010780743788014746,0.0029364618354641436
2023-12-15,0.0026689277656504196,-0.0015217400337327325
2023-12-18,0.009270280017319,0.005657307957217306
2023-12-19,0.00819538059122249,0.0060843029658799175
2023-12-20,-0.015797363273924114,-0.014434413530693191
2023-12-21,0.011687473197996567,0.009742181895550983
2023-12-22,0.0018485840119129016,0.0023257424339049315
2023-12-26,0.0059963946431014215,0.004158103270041957
2023-12-27,0.003056562181521505,0.0018302194628008195
2023-12-28,0.0001524806977062365,0.00015992804388575976
2023-12-29,-0.0021938970182444617,-0.0026714641242556736
2024-01-02,-0.009252490644857336,-0.006387422914701291
2024-01-03,-0.008475795512497442,-0.007419145132455673
2024-01-04,0.0009325033152858264,-0.0031569835643001642
2024-01-05,0.006521562493897015,0.0012808277313465233
2024-01-08,0.014872092459213171,0.014302943255903422
2024-01-09,0.0008817040219557537,-0.0024303892153418882
2024-01-10,0.009386102973810706,0.006596588514042434
2024-01-11,0.0055671216823252045,-0.00034254836859903826
2024-01-12,7.50456401794608e-05,0.00045681573609734905
2024-01-16,-0.003216846691055042,-0.0034018706586013137
2024-01-17,-0.005704198368311153,-0.005566955794686024
2024-01-18,0.015247594378875018,0.008892514828293896
2024-01-19,0.014870020228131553,0.012239409393992595
2024-01-22,0.0030770102289829904,0.0022782578885354177
2024-01-23,-0.0008766109427128521,0.002971048928398945
2024-01-24,0.009619740302311275,0.0008303056620133642
2024-01-25,0.007124729934793184,0.005627908733676357
2024-01-26,-0.002875721009295229,-0.0006019150348447466
2024-01-29,0.009372879627373099,0.007272994999894866
2024-01-30,0.0021427592261755724,-0.0007087545413959617
2024-01-31,-0.013685000838891681,-0.01629100066200595
2024-02-01,0.019222340738041188,0.0131585547669677
2024-02-02,0.028360780321089463,0.010274366158479431
2024-02-05,0.0053780103438592075,-0.003654126995261797
2024-02-06,-0.002880131765389371,0.0031151312896766647
2024-02-07,0.014304922722085278,0.008215493885350478
2024-02-08,0.0012206596594723784,0.0006771712594595414
2024-02-09,0.005688906012858208,0.005675892552767792
2024-02-12,-0.0005386959229857213,-0.0004557959603544992
2024-02-13,-0.010241471499479293,-0.014094607112168478
2024-02-14,0.016201606842557448,0.009516123930606524
2024-02-15,0.006966976525030422,0.006764293577734559
2024-02-16,-0.0038584653670350466,-0.005115061062419213
2024-02-20,-0.012555143530536106,-0.005489847106519896
2024-02-21,-0.004599154917360404,0.0010076396579046243
2024-02-22,0.03872822606773019,0.02100792910402771
2024-02-23,0.0014390730943301122,0.0004501671692747067
2024-02-26,0.0010449194682806695,-0.0036636024099213627
2024-02-27,0.0010439300643854121,0.0018492010437209938
2024-02-28,-0.0003909643216465364,-0.0015451739856581215
2024-02-29,0.005998784630783405,0.0036973562647082403
2024-03-01,0.020223059730881898,0.009637209006220004
2024-03-04,0.0026684368119589408,-0.0011878255198330967
2024-03-05,-0.0077303670940511715,-0.01002396064379496
2024-03-06,0.009195479569231058,0.005298789870961995
2024-03-07,0.017843654698651346,0.009901409908196657
2024-03-08,-0.017779589042590027,-0.0060643398095610035
2024-03-11,-0.01227841370139715,-0.0008291589204975081
2024-03-12,0.020633045068801925,0.010702252492572617
2024-03-13,-0.0027623051795464537,-0.0015156395453319593
2024-03-14,-0.007303199497388113,-0.0021927942056430005
2024-03-15,-0.003170933721370006,-0.006888192066156873
2024-03-18,0.007226520747315002,0.006255074212301981
2024-03-19,0.0069592943510718985,0.005603247815730628
2024-03-20,0.010806702118893563,0.00872573622426942
2024-03-21,0.003853760977398757,0.003335155639830667
2024-03-22,0.0009908899176302999,-0.0013069404372592075
2024-03-25,-0.00309295028082901,-0.0025877589601276396
2024-03-26,-0.005336294991803103,-0.002803646250640335
2024-03-27,0.001871669467465864,0.008728515909274925
2024-03-28,-0.0009964425177765301,-0.000124833161328608
2024-04-01,-0.001371269734708802,-0.0013105200544502038
2024-04-02,-0.005741949466587459,-0.006540864696049087
2024-04-03,0.005398698617506081,0.0009017124836996349
2024-04-04,-0.01336179394378656,-0.012317759397395767
2024-04-05,0.018225375671082178,0.01062620329033237
2024-04-08,-0.00372889867084214,0.00039873766230380525
2024-04-09,-0.004242154224442296,0.0012376814609855735
2024-04-10,-0.007016758387570321,-0.00968000801827995
2024-04-11,0.017792168644650053,0.007214603678599163
2024-04-12,-0.01661301327080711,-0.01363275495465166
2024-04-15,-0.015128666662757917,-0.012692561729680363
2024-04-16,-0.000768162092321889,-0.0017902428716790597
2024-04-17,-0.012169963637663539,-0.006028708958267459
2024-04-18,-0.005965543050680644,-0.002282675034200543
2024-04-19,-0.02400547843750056,-0.008367185809399547
2024-04-22,0.011629620158892351,0.008679459091678776
2024-04-23,0.016120660324467684,0.012612969158937615
2024-04-24,-0.002340945479908929,-0.0007315022705404184
2024-04-25,-0.007950915237250444,-0.004133279931225031
2024-04-26,0.012481971696097549,0.01000905799867291
2024-04-29,-0.00038936430920377685,0.003488804016081648
2024-04-30,-0.01531871432560461,-0.015805044318060624
2024-05-01,-0.004350719383658164,-0.003250749016435517
2024-05-02,0.011387882969832175,0.009327485268368685
2024-05-03,0.018853135192123283,0.012407926218996668
2024-05-06,0.01709061187673422,0.010085550629282514
2024-05-07,0.0011369549936219858,0.0014324237689249397
2024-05-08,-0.00012608704838534823,4.212422288074613e-05
2024-05-09,0.002650607666530913,0.005742253661913166
2024-05-10,0.0013846362649030386,0.0012338107875828896
2024-05-13,-0.0025141546037003026,6.274551148321983e-05
2024-05-14,0.005923052480007129,0.00474134867768039
2024-05-15,0.018917694584103195,0.012181896625750532
2024-05-16,-0.005779044516312171,-0.0019100627279839966
2024-05-17,-0.0013604164070513125,0.0014815506638590215
2024-05-20,0.005572807899628218,0.0009863682667257123
2024-05-21,0.0028326746032465433,0.0026889966463408133
2024-05-22,-0.0013509886118313608,-0.0029070720096149305
2024-05-23,0.0019676980687219903,-0.007432291219916398
2024-05-24,0.010309176357016003,0.006805427278910203
2024-05-28,0.005101849618218024,0.0008011406209764704
2024-05-29,-0.0027796706326373988,-0.007041210732812275
2024-05-30,-0.015513048693214238,-0.006719234543803965
2024-05-31,0.002338872032182193,0.00870036806535679
2024-06-03,0.006386688027977705,0.0010936940049364186
2024-06-04,0.0010982423676175745,0.001216073311182786
2024-06-05,0.022796742752819732,0.011961085100510749
2024-06-06,-0.0011919470864921733,-0.00022375193164836382
2024-06-07,0.0010739585718930744,-0.0013023181902490633
2024-06-10,0.006198457638652455,0.0032803144169728515
2024-06-11,0.00793766742842883,0.0022744718471241487
2024-06-12,0.013046366237530416,0.008327906666287577
2024-06-13,0.008933656494163111,0.0018888976002038316
2024-06-14,0.005404985271974416,0.000802182399481044
2024-06-17,0.010751413642494434,0.007936133500158205
2024-06-18,0.0029421983108672833,0.0026644706663578877
2024-06-20,-0.007446821442710916,-0.002776338727267458
2024-06-21,-0.006934204052516657,-0.0021872949391489316
2024-06-24,-0.012612800295421,-0.0026904596463581676
2024-06-25,0.013458641197972243,0.0041564673784393324
2024-06-26,0.004121095060936941,0.0011143472014800704
2024-06-27,0.0030783788346842034,0.0015504255169005443
2024-06-28,-0.005910391284804972,-0.0038559532102480087
2024-07-01,0.006174267306642278,0.002299288200009908
2024-07-02,0.00602275766646998,0.006483399318097716
2024-07-03,0.008245886570593441,0.0045191072182784175
2024-07-05,0.010194860270240413,0.005978558774524689
2024-07-08,0.0029943946361667972,0.0009611294986269225
2024-07-09,0.0021006600679849274,0.0010973702339014402
2024-07-10,0.011144342431753218,0.009630416209930326
2024-07-11,-0.02084240989075503,-0.008569207512480692
2024-07-12,0.0028975602404672784,0.006179201428535563
2024-07-15,0.00366704050260358,0.0030317541538908976
2024-07-16,-0.0017713408759738591,0.005677083642656511
2024-07-17,-0.03371803252777006,-0.013968087268050211
2024-07-18,-0.003213907064461452,-0.0075225391691075005
2024-07-19,-0.005642560929080553,-0.006674130602539408
2024-07-22,0.014939195161623786,0.010385593238463331
2024-07-23,0.002966660200755422,-0.001667401271340574
2024-07-24,-0.03538095877948688,-0.02289065175730909
2024-07-25,-0.01214776518516325,-0.005047371071274176
2024-07-26,0.011461440191500749,0.011217061686632723
2024-07-29,-0.0024788053684808853,0.0007395965132503957
2024-07-30,-0.014909515743855462,-0.005232818213897983
2024-07-31,0.03303313304992539,0.015760625275752282
2024-08-01,-0.01790723095790836,-0.013638377893029574
2024-08-02,-0.02675805700858791,-0.018275342612141254
2024-08-05,-0.03187340336894162,-0.03002596113796918
2024-08-06,0.016084353220057857,0.009974723399163388
2024-08-07,-0.00977007756542958,-0.006938314005207058
2024-08-08,0.03397043085430318,0.023331520343893963
2024-08-09,0.010025499689322537,0.00428505999276374
2024-08-12,0.004902789831346732,0.0005103912803994248
2024-08-13,0.023206199208010814,0.016609857455011534
2024-08-14,0.006047873322185815,0.003191393389286201
2024-08-15,0.023352511867462233,0.01716687274173201
2024-08-16,-0.00146840899552092,0.002104905803111956
2024-08-19,0.011313466509016212,0.009618036968846111
2024-08-20,-0.00011202846025415436,-0.0016524973506834018
2024-08-21,0.005034826731131092,0.0035052558127750544
2024-08-22,-0.011911432500747332,-0.008092293984041432
2024-08-23,0.009576395727675768,0.010819088013125588
2024-08-26,-0.008369579731921428,-0.002458007797483841
2024-08-27,0.0040511525999806786,0.0013388105965634889
2024-08-28,-0.008294011037384585,-0.005716200851872633
2024-08-29,-0.005198782620737252,0.00015592044814383144
2024-08-30,0.0139739112477002,0.009411239148824135
2024-09-03,-0.03137248742410381,-0.02022999395693348
2024-09-04,-0.003701630883846563,-0.0024825425238471643
2024-09-05,-0.003134849514724203,-0.0024689524564489584
2024-09-06,-0.022594772633808602,-0.01665165295904636
2024-09-09,0.014180223180538132,0.011255663603253252
2024-09-10,0.00646231735979641,0.0041214878608544225
2024-09-11,0.02416513691956146,0.010232153241283681
2024-09-12,0.012196469862040482,0.008597249120942285
2024-09-13,0.003153277694097012,0.005312900713649871
2024-09-16,-0.0032556102219466476,0.001509949421114376
2024-09-17,-0.0015766419384661834,0.00046406677628296755
2024-09-18,-0.0033841031807686495,-0.0032458729089139826
2024-09-19,0.025353565645685805,0.017444952722649676
2024-09-20,-0.0006623265058501859,-0.0019622898561674207
2024-09-23,0.005295194133306369,0.0024621627556449255
2024-09-24,0.002419155264034911,0.0028752749580691628
2024-09-25,0.0009872467818972108,-0.002031472140302748
2024-09-26,-0.002082122648982443,0.0039764800701131975
2024-09-27,-0.007906902270569005,-0.0012947173587670724
2024-09-30,0.0033208355467240214,0.004358866863163557
2024-10-01,-0.007391970923576685,-0.009343011071521912
2024-10-02,0.003890169650965225,0.0001722623703828141
2024-10-03,-0.0001107047557289409,-0.0018934862403485742
2024-10-04,0.015280661628414238,0.009217231422404826
2024-10-07,-0.007088967265055368,-0.009000312838133406
2024-10-08,0.01208257457378692,0.009465123048033375
2024-10-09,0.008682367514333711,0.006833191532476635
2024-10-10,-0.0025823481531905834,-0.001677835385444859
2024-10-11,0.010463914775935335,0.005948473879777039
2024-10-14,0.005871664780718877,0.008184429741385335
2024-10-15,-0.010719513216839616,-0.00761545477398462
2024-10-16,0.004935024693389689,0.004202758282429109
2024-10-17,0.004056825632673844,0.00014960348086745512
2024-10-18,0.00021254616481303223,0.003848218517022106
2024-10-21,0.0009568715114316451,-0.0015443881023626815
2024-10-22,-0.0029737316127700364,-0.0006897035076898206
2024-10-23,-0.009480254498364316,-0.009120279309862367
2024-10-24,-0.0006452399509474516,0.0022586232821311114
2024-10-25,-0.002582459660830816,-0.0003944444698193994
2024-10-28,0.003560096659225076,0.003118723435814097
2024-10-29,0.0038702744634351305,0.0015920639507245316
2024-10-30,-0.006853758635778973,-0.0030105627992764727
2024-10-31,-0.02070308699163559,-0.019675294538166188
2024-11-01,0.00660648408403075,0.004343168279337339
2024-11-04,-0.004703450099713735,-0.0021716969945143605
2024-11-05,0.01648522270117936,0.012027415721775903
2024-11-06,0.032003472824794654,0.02490099210819019
2024-11-07,0.006181267783803346,0.007785811669029918
2024-11-08,0.008850511664539651,0.00441988635651791
2024-11-11,-0.0015482094350437459,0.0008182429163192673
2024-11-12,-0.0019638821363524572,-0.0029976955880804956
2024-11-13,0.00020712277924150868,0.0005102472767397614
2024-11-14,-0.01159791625061024,-0.006356892122971636
2024-11-15,-0.016238790538396275,-0.012904401350772643
2024-11-18,0.000532337855773779,0.004141031544055096
2024-11-19,0.007131624250982238,0.0036431586635385926
2024-11-20,0.0015851066065983854,0.00036862390100833586
2024-11-21,0.007913970036960816,0.0050470689519512835
2024-11-22,0.0006281497114182244,0.0033535684995196213
2024-11-25,-0.0006277553870529529,0.003214898246716391
2024-11-26,0.012248716822121475,0.005607929103768061
2024-11-27,-0.00599858489584415,-0.0031868377784969315
2024-11-29,0.007491604486250081,0.0052678156478602745
2024-12-02,-0.0006197314039018131,0.0028185839272096835
2024-12-03,0.005270183790651917,0.0002341562772927297
2024-12-04,0.009559971159943448,0.006304788194905875
2024-12-05,-0.000712676709387905,-0.0016647226483658129
2024-12-06,0.005706110695708588,0.001989973316444793
2024-12-09,-0.016311911818416625,-0.005207265643752845
2024-12-10,-0.007415984800248188,-0.002842120731799014
2024-12-11,0.011621907401052844,0.0075767785703309
2024-12-12,-0.00800077668349164,-0.005156487171027457
2024-12-13,0.010960547327162784,-7.205143799293712e-05
2024-12-16,0.007977942794505921,0.003923719190599861
2024-12-17,-0.010857365880013736,-0.004195148412151295
2024-12-18,-0.032519571309972406,-0.029363673494407938
2024-12-19,0.0025449176362635217,-0.00037094231956813495
2024-12-20,0.010893602838344618,0.011318344032207994
2024-12-23,0.010724795536191989,0.0071583365931902065
2024-12-24,0.011720761203790175,0.010288974185717947
2024-12-26,0.0007175483000985139,-1.8103526308266282e-05
2024-12-27,-0.010449687482617098,-0.010365187345653393
2024-12-30,-0.011284882144026898,-0.011131973746030921
2024-12-31,-0.005130779810273878,-0.004029537918205706
2025-01-02,0.005683597338219437,-0.0025055624686631806
2025-01-03,0.014024055533636837,0.012912614981200887
2025-01-06,0.007018279459750865,0.005822782121758019
2025-01-07,-0.013528774917183184,-0.011249499933929985
2025-01-08,0.004051968811010109,0.0013481457140918085
2025-01-10,-0.01096855598035451,-0.015217480788531024
2025-01-13,-0.0015693304936000851,0.0012926190543831595
2025-01-14,0.0007334136187349127,0.001271996563667388
2025-01-15,0.01853403425900657,0.018290043729941585
2025-01-16,0.003084287909748573,-0.0014861494769167205
2025-01-17,0.01106894728638852,0.00959148471331428
2025-01-21,0.014292913717731892,0.00909998843792259
2025-01-22,0.006796010989708279,0.005680921925553584
2025-01-23,0.006948550915138352,0.005541700653631132
2025-01-24,-0.0010844313934018635,-0.003014169969119962
2025-01-27,-0.030987827661473344,-0.013917463983149303
2025-01-28,0.012424966220345723,0.008381188572119447
2025-01-29,-0.003118581618735017,-0.004389603354403082
2025-01-30,0.015943532804991944,0.005221960855849028
2025-01-31,-0.0063567124940039355,-0.005338755894890301
2025-02-03,-0.0004998145189401004,-0.0065602441296959135
2025-02-04,0.006300626795344488,0.006639864608595447
2025-02-05,0.012919963085381125,0.004102419966076631
2025-02-06,0.00932092604390311,0.0035996624875900274
2025-02-07,-0.008165491948403547,-0.009719845453654674
2025-02-10,0.007448792109043145,0.007153293233465252
2025-02-11,0.0009727350173935889,0.0008988622384642486
2025-02-12,-0.004762340138113386,-0.0033054499275704252
2025-02-13,0.008398468921780644,0.010561988449026005
2025-02-14,-0.001936914306127191,3.581099202332183e-05
2025-02-18,9.71235904432266e-05,0.002889278151642527
2025-02-19,0.00019392858167854854,0.0024185379530157203
2025-02-20,-0.011446310591025077,-0.004204640157373762
2025-02-21,-0.019625196808621514,-0.017013942415882166
2025-02-24,-0.0078069896873617095,-0.004730353407094823
2025-02-25,-0.0019166370406001887,-0.004971307753800169
2025-02-26,0.01020820536094913,0.0006221717719676612
2025-02-27,-0.019509700527433727,-0.016058627188952346
2025-02-28,0.018367325064857054,0.015539841005731247
2025-03-03,-0.021442870154161242,-0.017224021969559744
2025-03-04,-0.015973946930291194,-0.012050119085273203
2025-03-05,0.011654575341444096,0.011216949817921984
2025-03-06,-0.026023300082040568,-0.018139458560431976
2025-03-07,-0.0015842437929584063,0.005392313306775698
2025-03-10,-0.02570330010126065,-0.026439538485541036
2025-03-11,-0.0014113631334542465,-0.008205452664588053
2025-03-12,0.010437033402755702,0.00485055716179672
2025-03-13,-0.012696363924649123,-0.013060605893782218
2025-03-14,0.022885775989412105,0.020530685018380845
2025-03-17,0.007457802179970496,0.0076331732988133005
2025-03-18,-0.013324867188302725,-0.010548169073995695
2025-03-19,0.012754577060155148,0.010505851062676097
2025-03-20,-0.0011641126673391788,-0.002301974975531196
2025-03-21,-0.001695176149792199,0.00024989825101706664
2025-03-24,0.029231869424146684,0.017549024603809693
2025-03-25,0.00495919793951205,0.002380238629754672
2025-03-26,-0.020972524609038645,-0.011665122734414113
2025-03-27,-0.008610681318176105,-0.0027513128679967913
2025-03-28,-0.023514504060627495,-0.019972842396762447
2025-03-31,0.003688058762099544,0.006088492428540704
2025-04-01,0.007024768223054423,0.003677613058621132
2025-04-02,0.010302572983487135,0.006029593051259052
2025-04-03,-0.058317261836133616,-0.047696168942477635
2025-04-04,-0.07140449672693372,-0.05795692176317624
2025-04-07,0.014091317973392803,-0.004210396467634325
2025-04-08,-0.009822654417867449,-0.014712202383736384
2025-04-09,0.11202503431913824,0.09274424088433175
2025-04-10,-0.03927328418864939,-0.03414141826610251
2025-04-11,0.01709891887192283,0.017611868739000558
2025-04-14,0.004453343865707504,0.010049934287021278
2025-04-15,0.003436041766013087,-0.0028053413068362953
2025-04-16,-0.02507459895636821,-0.02197972969965656
2025-04-17,0.0,0.0013864065751694188
2025-04-21,-0.02639910855887939,-0.023827260045596543
2025-04-22,0.02862787131403266,0.025234580244599902
2025-04-23,0.026021021278993084,0.01606470369392321
2025-04-24,0.02359681664063218,0.021013300904078713
2025-04-25,0.012819129858690603,0.0073644669172021615
2025-04-28,0.000957239555614553,0.0006124778406704223
2025-04-29,0.007225632861312059,0.006062131017307459
2025-04-30,-0.002320920177066199,0.000490719731188749
2025-05-01,0.012266099505236383,0.007081989964380808
2025-05-02,0.02162339362794885,0.014337153931677449
2025-05-05,-0.0032720408945207113,-0.00522355042252487
2025-05-06,-0.009437999090734506,-0.008513587093985753
2025-05-07,0.009734932649019257,0.004517301627689152
2025-05-08,0.010256433367457296,0.006667942663245885
2025-05-09,-0.0002030883993323629,-0.0013285363049860832
2025-05-12,0.03452483942972773,0.03329778252664406
2025-05-13,0.019140142931186377,0.006568137476504976
2025-05-14,0.007993847254484265,0.001241942303598087
2025-05-15,-0.00047780110437090073,0.004906669370356553
2025-05-16,0.005640040759623988,0.006448498184719265
2025-05-19,0.0004753485223563114,0.001025149037845452
2025-05-20,-0.003325419260786222,-0.003547755987978185
2025-05-21,-0.018017090497271737,-0.016719393566564045
2025-05-22,0.0017473215444319123,0.0004666494775629193
2025-05-23,-0.0032949135920004036,-0.006753438085567831
2025-05-27,0.023626626360808034,0.0205484002597478
2025-05-28,-0.004084436883764031,-0.005705560949537447
2025-05-29,0.003624326127593225,0.003850225339890434
2025-05-30,0.0011403793250188698,-0.0010324827125681724
2025-06-02,0.010251503553854624,0.005814132316104059
2025-06-03,0.006952868483777186,0.005670933736223738
2025-06-04,-0.0003731734604904835,-0.0006386837282263969
2025-06-05,-0.01278812111279437,-0.004674646228696067
2025-06-06,0.010968131069155396,0.010218377692331915
2025-06-09,-0.00018702299762829444,0.0010716306210969417
2025-06-10,0.0018708682648851394,0.005696059787051677
2025-06-11,9.34263143492764e-05,-0.002759716188811656
2025-06-12,0.0010268737495142677,0.0037802642151234522
2025-06-13,-0.009886066932262239,-0.011136002400398914
2025-06-16,0.01356430633886374,0.009657909937396347
2025-06-17,-0.007992527383438586,-0.008518827508808391
2025-06-18,0.0043095771800185645,-0.00020026812925544313
2025-06-20,-0.002705253563589083,-0.0027675471319321687
2025-06-23,0.01612946605132226,0.010297341140041993
2025-06-24,0.013927344547030485,0.010987542153428453
2025-06-25,0.00018196301419770577,0.0005004986162098213
2025-06-26,0.011823554857255614,0.007914657649802814
2025-06-27,0.005303318607617236,0.004963090589277908
2025-06-30,0.005633190290239787,0.004998237587227505
2025-07-01,-0.015382008619468368,-0.0004578183601579022
2025-07-02,0.005598690723244593,0.004438336436887624
2025-07-03,0.010326928316911843,0.008644803518086608
2025-07-07,-0.003910772488856518,-0.008014260935438
2025-07-08,-0.007406032385756767,-0.0006660354806213853
2025-07-09,0.0074612909481583944,0.005927594390656488
2025-07-10,0.003033890688494134,0.00292883745372019
2025-07-11,-0.0021351768069028942,-0.0035982919277495196
2025-07-14,0.00784532212474387,0.001971340046892811
2025-07-15,-0.002830581467976989,-0.004335339825805806
2025-07-16,0.0013306206334851023,0.0032874769073700794
2025-07-17,0.007264216103834986,0.005995846694303086
2025-07-18,0.0011434747137406553,-0.00045056057931969207
2025-07-21,0.0018448129429291527,0.001785392388120588
2025-07-22,-0.010347212304152698,0.0
2025-07-23,0.01329067508833659,0.00849549874057054
2025-07-24,-0.00017484699206327114,0.0006862603515174204
2025-07-25,0.00603472278574646,0.003977834496927679
2025-07-28,0.002434134926679432,-0.00023918613437556857
2025-07-29,-0.0034689299846869526,-0.002596338964799938
2025-07-30,0.004438228257190868,-0.0012159351489973158
2025-07-31,0.0023393229421491135,-0.0037550653726787786
2025-08-01,-0.021263725619873663,-0.016471068411293643
2025-08-04,0.017839857856776442,0.015207033128542546
2025-08-05,-0.00442533495584041,-0.004809312602232052
2025-08-06,0.014380490252763556,0.007430510177307781
2025-08-07,-8.59978510452386e-05,-0.0006018036697282847
2025-08-08,0.006960012650241376,0.007655413130747135
2025-08-11,-0.001194634968344821,-0.0020486583507156597
2025-08-12,0.012558637329877165,0.010675082799691982
2025-08-13,-0.005568661211041381,0.0034870121914760688
2025-08-14,0.002121173133095011,1.6667163209138636e-05
2025-08-15,-0.006773321361701834,-0.0021588825019994706
2025-08-18,0.00042622360573107976,-0.00035514637051792253
2025-08-19,-0.014229698465304752,-0.005461923753833475
2025-08-20,-0.0014695458273457085,-0.00263539086958553
2025-08-21,-0.006319196126645221,-0.003938053642386419
2025-08-22,0.014983930971439907,0.015301119064042412
2025-08-25,-0.002317437497201813,-0.004231339604953477
2025-08-26,0.009291083394054045,0.003995270285811037
2025-08-27,-0.0003408711454607749,0.0022932801570296757
2025-08-28,0.004433754313017957,0.003532981524312362
2025-08-29,-0.011205263685188371,-0.005766978656019162
2025-09-02,-0.007898555242858873,-0.0073681752018175395
2025-09-03,0.00025964688024293636,0.0051127481658661544
2025-09-04,0.015053280352495646,0.008230273576051106
2025-09-05,-0.002386419037058829,-0.0027321748210950014
2025-09-08,0.005724043222882225,0.0025885293005780685
2025-09-09,0.006371086840034401,0.002430794970069261
2025-09-10,0.008694078347947887,0.0028930667302593527
2025-09-11,0.005271971661518604,0.008154496316399085
2025-09-12,0.0029135914616285064,-0.0002150228991726344
2025-09-15,0.005394989750892476,0.005211416544487646
2025-09-16,-0.0004952241703947147,-0.0013168597793354886
2025-09-17,-0.0032212827837901914,-0.001153517225053191
2025-09-18,0.006380381458604534,0.00470233793313346
2025-09-19,0.003952305013981361,0.004663900117003239
2025-09-22,0.0031379254231145293,0.0048708890864042065
2025-09-23,-0.004176222315874223,-0.005237849457008004
2025-09-24,-0.005838284263237292,-0.003335818560069148
2025-09-25,-0.0048801482355350645,-0.004774211093508063
2025-09-26,0.002244218758399752,0.005885140696767044
2025-09-29,0.0010781254937055618,0.002810680098553009
2025-09-30,0.0028995439891972286,0.003687648119826248
2025-10-01,-0.004130238980006751,0.003576256089057761
2025-10-02,0.0018248472826907225,0.0011065083694037359
2025-10-03,-0.005712858201589621,8.117236516347326e-05
2025-10-06,0.0026646708233799554,0.0034130659486448778
2025-10-07,0.0004982939921795992,-0.003563335683556268
2025-10-08,0.007968733103041581,0.0058029445241385424
2025-10-09,0.0030470756069986837,-0.0026988789884324627
2025-10-10,-0.02709359559310942,-0.02688380259026757
2025-10-13,0.022531649885624505,0.015153735427828607
2025-10-14,-0.005116763368553823,-0.0014106778769343853
2025-10-15,0.005309005626521257,0.004402393761144374
2025-10-16,-0.007921516782405602,-0.006607479405634997
2025-10-17,0.001580304076443495,0.005548365707924496
2025-10-20,0.006809495262613208,0.010495080191700756
2025-10-21,-0.004123980575456598,-0.000129511668173099
2025-10-22,-0.010518533447899325,-0.005056099886587728
2025-10-23,0.007282144388990774,0.0056517869375618535
2025-10-24,0.011384448893748234,0.008276045992638759
2025-10-27,0.010598985504575609,0.011967006900055477
2025-10-28,0.0035772315683675338,0.0026825377291737063
2025-10-29,0.005994856360100442,0.0004115789981629092
2025-10-30,-0.019165757366567893,-0.010618013916404712
2025-10-31,-0.0008210543589195485,0.0028789620569129593
2025-11-03,-0.0004108329627273699,0.0019615925019909053
2025-11-04,-0.018002435196808886,-0.011587434747719616
2025-11-05,0.002595003411178576,0.0030114149763156295
2025-11-06,-0.013609461725236804,-0.010628430168318048
2025-11-07,0.003301242668546811,0.0010548446257634403
2025-11-10,0.018982499801208474,0.015529386585785954
2025-11-11,-0.004057008889728153,0.0022985690169332607
2025-11-12,0.0004156486181039476,0.0004937886584541751
2025-11-13,-0.022103906514150617,-0.016284140739219577
2025-11-14,0.0012745361758157436,-0.00025877928916706594
2025-11-17,-0.011457071689376153,-0.009371590619817738
2025-11-18,-0.005494642459816679,-0.00823476749119656
2025-11-19,0.007510406456213481,0.0036243881575048764
2025-11-20,-0.01962135483789018,-0.01516733620827515
2025-11-21,-0.0010486261788652529,0.009950537782298596
2025-11-24,0.023097017081920468,0.014869707886471684
2025-11-25,0.008380329544405818,0.009301675837793733
2025-11-26,0.011533271557992553,0.00691213765896137
2025-11-28,0.007042333338656892,0.005536426487820378
2025-12-01,-0.009906807457756628,-0.004598918292398113
2025-12-02,0.0019338864283826585,0.0016946482822168818
2025-12-03,0.002517670298903818,0.0034950114367717777
2025-12-04,0.008705803375941512,0.0008429445531110691
2025-12-05,0.00290459719359748,0.001875187819684987
2025-12-08,0.0012412311986333968,-0.0029660867131074964
2025-12-09,-0.00231407565145747,-0.000811321431209433
2025-12-10,0.006709726402187144,0.0064639781579087785
2025-12-11,0.0020571014084753703,0.002451954749838059
2025-12-12,-0.022006912269881385,-0.0107935606535432
2025-12-15,-0.003526423799171674,-0.0014517008859619152
2025-12-16,0.00016854078758266056,-0.0027956700463993567
2025-12-17,-0.018281458395754346,-0.01098989235725989
2025-12-18,0.010040362235091305,0.007548387875458085
2025-12-19,0.01554799305735255,0.008922605706582765
2025-12-22,0.008311075654771516,0.006297721702520187
2025-12-23,0.0062380777871609006,0.004668670924617757
2025-12-24,0.0038848813415295336,0.003335033477966931
2025-12-26,-0.0005763602575279414,9.460787358062106e-05
2025-12-29,-0.006178912846938056,-0.003528597893055596
2025-12-30,-0.0023211760354217015,-0.0013911020720053235
2025-12-31,-0.008558370702493545,-0.007265853666360345
2026-01-02,0.0029333089640151133,0.0018656933806269205
2026-01-05,0.0062672050228822496,0.006621071261690981
2026-01-06,0.0052318017543060424,0.005929244996783822
2026-01-07,-0.007104585142375663,-0.003206638474218093
2026-01-08,-0.009734632321391823,-0.00017332413714843398
2026-01-09,0.008486035138808967,0.006702899305140342
2026-01-12,0.003665759074064079,0.0016136770239001397
2026-01-13,-0.0028223006466719935,-0.0020490474772195677
2026-01-14,-0.010155576250861165,-0.0048430594091642964
2026-01-15,0.006811836250173897,0.002645935033731117
2026-01-16,0.0023387553328453325,-0.0008325157843777076
2026-01-20,-0.025166672147640234,-0.02034301469097588
2026-01-21,0.00572751987587683,0.011457810652963252
2026-01-22,0.0024649012906194923,0.005203966452220765
2026-01-23,-0.00016964017765508377,0.000410459655692641
2026-01-26,0.007717175944307542,0.005143318075213843
2026-01-27,0.006563964851180826,0.004096664827313745
2026-01-28,-0.003595027310253185,-0.00015637106998900308
2026-01-29,0.011243457385006206,-0.0020793212376579717
2026-01-30,-0.005393215135081508,-0.003211874729477593
2026-02-02,0.003336898231635743,0.005438353742200475
2026-02-03,-0.006236003127016887,-0.008644835724602395
2026-02-04,-0.020833278570610236,-0.005109252342394233
2026-02-05,-0.00863026729360028,-0.012378942852334762
2026-02-06,0.03292532638717405,0.01948321295033506
2026-02-09,0.013768343628515645,0.004706861750291003
2026-02-10,-0.005844078108914408,-0.002804613497801367
2026-02-11,-0.0015731480204385084,-0.0001414451857935095
2026-02-12,-0.019238709734813564,-0.01549458828079553
2026-02-13,-0.00016910206028508679,0.0006385750494271036
2026-02-17,0.0051586147512003855,0.0017545444091136009
2026-02-18,0.0039542369407707945,0.005032057832192294
2026-02-19,0.0005027355711713088,-0.0025667688756069174
2026-02-20,0.004774326169651122,0.007132329487871125
2026-02-23,-0.01683894905242822,-0.01007851793166703
2026-02-24,0.00686792579830775,0.007297253323045982
2026-02-25,0.01465254033204122,0.008414991558492124
2026-02-26,-0.004398639547499417,-0.005615481356488261
2026-02-27,-0.004084697459568076,-0.004590420858804234
2026-03-02,0.005357041265098728,0.00038047977234278996
2026-03-03,-0.007409954109807382,-0.008807626233547694
2026-03-04,0.008723366470539506,0.007127868156814321
2026-03-05,-0.005072331022389576,-0.00534762745316808
2026-03-06,-0.011784386609958064,-0.013369332601200212
2026-03-09,0.00896487753418529,0.008683321639860964
2026-03-10,-0.0018441270421181155,-0.001731439882889374
2026-03-11,-0.0031911485155281527,-0.0011078780334262683
2026-03-12,-0.012889638362199696,-0.015320975109708757
2026-03-13,-0.008449200616784558,-0.005567154490291548
2026-03-16,0.010070560605335066,0.01001477460783784
2026-03-17,0.0,0.0027635200973570306
2026-03-18,-0.010992787509537583,-0.013795148509844868
2026-03-19,-0.001550964716427461,-0.0026791875755300953
2026-03-20,-0.01812212292543469,-0.014519979228690527
2026-03-23,0.009439463736200304,0.010853850478142801
2026-03-24,0.002706710232892595,-0.003391493885852692
2026-03-25,0.004179784147507082,0.005444978741605766
2026-03-26,-0.03451270813587859,-0.017732708274993514
2026-03-27,-0.009250922161777253,-0.017010337742954462
2026-03-30,-0.022391456484404437,-0.0034823390263478693
2026-03-31,0.03959570462916595,0.02860936196039754
2026-04-01,0.021318341296705512,0.007949122664680175
2026-04-02,0.002096064471950765,0.0011455948159597718
2026-04-06,0.008105269004228699,0.004444454821595389
2026-04-07,0.00847239518801457,0.0006109465244419354
2026-04-08,0.04037718288901404,0.025245926277871256
2026-04-09,0.011535949101292076,0.0059226779118535244
2026-04-10,0.004724648623515515,-0.000672047091481609
2026-04-13,0.010134589710469433,0.009798277728187976
2026-04-14,0.01653425625959848,0.012097291936856491
2026-04-15,-0.0005527053845607588,0.007989368987907808
2026-04-16,0.0012639993557761464,0.0021912780019623934
2026-04-17,0.012308722239357861,0.01228178322550555
2026-04-20,-0.005144254236791546,-0.0018996458489249912
2026-04-21,-0.007756161910912551,-0.006584374898709
2026-04-22,0.019423663609541952,0.01027430944096297
2026-04-23,0.0009292895959218672,-0.00403739238129297
2026-04-24,0.017720523542378075,0.007923106689458947
2026-04-27,0.0044858936504141855,0.0016453495794352957
2026-04-28,-0.0162742583746448,-0.0049277543544711255
2026-04-29,0.006232707420700034,-3.0594284145646355e-05
2026-04-30,0.023093925776894952,0.009690638349153069
2026-05-01,0.004708824259445965,0.002936843819084878
2026-05-04,0.00014882016532569153,-0.00362258516650793
2026-05-05,0.02558768966348235,0.007847086823611571
2026-05-06,0.02690734105505066,0.014068752947129948
2026-05-07,-0.016173406566458937,-0.0031423033438270354
2026-05-08,0.032376112937795964,0.008177920978619913
2026-05-11,0.015715348228869885,0.0021828604960840714
2026-05-12,-0.01109071321863997,-0.0012509763822469155
2026-05-13,0.012737921556637222,0.005510847708523059
2026-05-14,0.008408085978155677,0.007795828918920167
2026-05-15,-0.027386140226237088,-0.012054062954770961
2026-05-18,-0.01435747533896603,-0.0007801166562249051
2026-05-19,-0.005586077221495844,-0.006363018251886676
2026-05-20,0.01905705881208708,0.01034700129968158
2026-05-21,0.009629462801360011,0.0018633212922920528
2026-05-22,0.0017278428369618126,0.003968654522935822
2026-05-26,0.033531121227080574,0.006505773459862363
2026-05-27,-0.0013351014986251464,-7.247856648218143e-05
2026-05-28,0.0035427948699193745,0.005724890988149545
2026-05-29,0.003063973423847788,0.00227699184077923
2026-06-01,0.011488190770295503,0.0026024877526233947
2026-06-02,0.013130234132147534,0.00137682934216099
2026-06-03,0.004989592019029487,-0.007017487569555558
2026-06-04,-0.01457214212479696,0.003894049849806125
2026-06-05,-0.05594458528710655,-0.025946051286182326
2026-06-08,0.02495157845857343,0.002477858400842914
2026-06-09,-0.0025021146340946654,-0.0029130344173057265
2026-06-10,-0.025964311684872676,-0.015715012568198405
2026-06-11,0.04802343384793417,0.016760340465034496
2026-06-12,0.012617814697647667,0.005484909819208905
2026-06-15,0.03515217760391298,0.017420654817781323
2026-06-16,-0.020400445259762146,-0.005880436390790278
2026-06-17,0.0056268006898834155,-0.012091355647161683
2026-06-18,0.02836185867131613,0.009832548255431117
2026-06-22,0.012558359576227085,-0.0029210253870163294
2026-06-23,-0.04528026202151103,-0.014225285236405316
2026-06-24,-0.003563580826798196,-0.0009610842775608086
2026-06-25,0.03803892554069788,2.9623965879022052e-05
2026-06-26,-0.03407668793663876,-0.005176974399219714
2026-06-29,0.02808042747567674,0.016038551969942194
2026-06-30,0.01898690803010994,0.008516743821379125
2026-07-01,-0.03850430989492937,-0.0019655735803734142
2026-07-02,-0.028908094781321503,-0.000904494933786526
2026-07-06,0.014254418022832116,0.008439880899278274
2026-07-07,-0.023271000509989426,-0.005125797185676739
2026-07-08,0.007696487547625086,-0.002648901552875116
2026-07-09,0.01666995008794303,0.007923988848610009
2026-07-10,0.004376784432526648,0.004589588525896193
2026-07-13,-0.02614636925177849,-0.007724880328481176
2026-07-14,0.02090432760385652,0.0037762898851669835
2026-07-15,-0.018709934573674758,0.0039068330233149595
2026-07-16,-0.031466674804687456,-0.005275256859219479
2026-07-17,-0.00956772715671661,-0.010099445895528691
2026-07-20,0.0043783785216822135,-0.0014051567860325909
2026-07-21,0.03584273818602646,0.008296525941036581
2026-07-22,0.0024716792486274564,-0.00122111129468494
2026-07-23,-0.0015992902075732118,-0.012255714577614318
2026-07-24,-0.02215849485180088,0.0007810514261743506
2026-07-27,-0.012012794845568164,0.0002502914075004359
2026-07-28,-0.02625217997760143,0.0024289711913449974
2026-07-29,-0.03249380581921191,-0.015169784945552323
2026-07-30,0.051697611675497246,0.016641028679415193
2026-07-31,0.0028587621485423043,0.007128362902576679
2026-08-03,0.01056806127449228,0.014199373266344795
2026-08-04,0.04004122339895044,0.018064267107503307
2026-08-05,-0.005953521911659765,-0.0019464652329111987
2026-08-06,-0.007785972820124054,-0.0016958044280334095
2026-08-07,0.0039570510646458334,0.0061013553364026585
2026-08-10,-0.006613704836778145,-8.441918185875252e-05
2026-08-11,-0.0009414888535416166,-0.003138030573832662
2026-08-12,0.017837972528427448,0.00247028604813071
2026-08-13,0.009986075258189064,0.0067308241856227635
2026-08-14,0.00386325519365327,-0.0018742944717661247
2026-08-17,0.012067093685841135,-0.004680379883791885
2026-08-18,-0.027455592066767287,-0.006856540446971815
2026-08-19,-0.016898528138563185,0.0021405566745238414
2026-08-20,-0.00026969021419487316,-0.008346131194983064
2026-08-21,0.0028318938430256235,0.0038516029292277043
2026-08-24,-0.017414081976007578,-0.002671561899235786
2026-08-25,0.008690326247195124,0.003120417178061441
2026-08-26,0.0007462221533058866,0.0002556641441830987
2026-08-27,0.007321053414965917,0.0064612151577627674
2026-08-28,-0.012247693468807275,-0.002130525242504455
2026-08-31,0.0021119877447326463,-0.003322741386779793
2026-09-01,-0.010537787003523924,-0.006540006604947801
2026-09-02,0.00549679186933183,0.004469560342594603
2026-09-03,0.007311790016368169,0.01039222905230508
